"Date","Year","Month","Author","Username","URL","Tweet ID","Source","Tags","Notes"
"2018-05-31T08:25:31.000Z","2018","2018-05","Naval","naval","https://x.com/naval/status/1002103770518441989","1002103770518441989","x.com/bookmarks","",""
"2018-05-31T08:31:00.000Z","2018","2018-05","Naval","naval","https://x.com/naval/status/1002105148733206528","1002105148733206528","x.com/bookmarks","",""
"2018-05-31T08:33:00.000Z","2018","2018-05","Naval","naval","https://x.com/naval/status/1002105652792066048","1002105652792066048","x.com/bookmarks","",""
"2018-05-31T08:37:56.000Z","2018","2018-05","Naval","naval","https://x.com/naval/status/1002106893265920000","1002106893265920000","x.com/bookmarks","",""
"2020-11-20T12:35:04.000Z","2020","2020-11","Pierre de Wulf","PierreDeWulf","https://x.com/PierreDeWulf/status/1329765202095575041","1329765202095575041","x.com/bookmarks","",""
"2022-08-26T21:32:10.000Z","2022","2022-08","ecommaster777","ecommaster777","https://x.com/ecommaster777/status/1563278151576584192","1563278151576584192","x.com/bookmarks","",""
"2023-01-07T12:59:00.000Z","2023","2023-01","Marc Lou","marclou","https://x.com/marclou/status/1611708982841819137","1611708982841819137","x.com/bookmarks","",""
"2023-04-28T07:01:45.000Z","2023","2023-04","Steeve Morin","steeve","https://x.com/steeve/status/1651844133235875841","1651844133235875841","x.com/bookmarks","",""
"2023-10-14T00:26:45.000Z","2023","2023-10","BaseballHistoryNut","nut_history","https://x.com/nut_history/status/1712988276531810788","1712988276531810788","x.com/bookmarks","",""
"2024-01-08T18:51:48.000Z","2024","2024-01","Linus ✦ Ekenstam","LinusEkenstam","https://x.com/LinusEkenstam/status/1744431726443614539","1744431726443614539","x.com/bookmarks","",""
"2024-01-09T18:00:01.000Z","2024","2024-01","rabbit inc.","rabbit_hmi","https://x.com/rabbit_hmi/status/1744781083831574824","1744781083831574824","x.com/bookmarks","",""
"2024-10-13T00:10:55.000Z","2024","2024-10","GREG ISENBERG","gregisenberg","https://x.com/gregisenberg/status/1845255860559257671","1845255860559257671","x.com/bookmarks","",""
"2024-10-29T23:00:14.000Z","2024","2024-10","Art of Life","Art0fLife_","https://x.com/Art0fLife_/status/1851398666411545062","1851398666411545062","x.com/bookmarks","",""
"2025-01-18T22:17:24.000Z","2025","2025-01","Katy Faust","Katy_Faust","https://x.com/Katy_Faust/status/1880741304331809006","1880741304331809006","x.com/bookmarks","",""
"2025-01-23T04:00:03.000Z","2025","2025-01","John Rush","johnrushx","https://x.com/johnrushx/status/1882277087224185312","1882277087224185312","x.com/bookmarks","",""
"2025-02-02T16:53:15.000Z","2025","2025-02","DAN KOE","thedankoe","https://x.com/thedankoe/status/1886095548295602447","1886095548295602447","x.com/bookmarks","",""
"2025-02-03T14:27:01.000Z","2025","2025-02","Stijn Noorman","stijnnoorman","https://x.com/stijnnoorman/status/1886421137493520493","1886421137493520493","x.com/bookmarks","",""
"2025-02-05T15:55:06.000Z","2025","2025-02","NIK HUNO","NikHuno","https://x.com/NikHuno/status/1887168079874170942","1887168079874170942","x.com/bookmarks","",""
"2025-02-05T21:20:28.000Z","2025","2025-02","Maxoux","Maxouks","https://x.com/Maxouks/status/1887249960305107450","1887249960305107450","x.com/bookmarks","",""
"2025-02-07T12:09:28.000Z","2025","2025-02","illuminatibot","iluminatibot","https://x.com/iluminatibot/status/1887836071452434674","1887836071452434674","x.com/bookmarks","",""
"2025-02-25T15:11:00.000Z","2025","2025-02","Marc Lou","marclou","https://x.com/marclou/status/1894404738944295406","1894404738944295406","x.com/bookmarks","",""
"2025-03-02T07:30:12.000Z","2025","2025-03","Amit","HeyAmit_","https://x.com/HeyAmit_/status/1896100713635188808","1896100713635188808","x.com/bookmarks","",""
"2025-03-29T23:32:39.000Z","2025","2025-03","Min Choi","minchoi","https://x.com/minchoi/status/1906127392734642421","1906127392734642421","x.com/bookmarks","",""
"2025-04-01T15:03:08.000Z","2025","2025-04","Paul William Harmon","TheHarmonX","https://x.com/TheHarmonX/status/1907086335263015334","1907086335263015334","x.com/bookmarks","",""
"2025-04-02T15:09:14.000Z","2025","2025-04","Ryan Hashemi","ryanhashemi_","https://x.com/ryanhashemi_/status/1907450254435479612","1907450254435479612","x.com/bookmarks","",""
"2025-04-02T15:09:25.000Z","2025","2025-04","Ryan Hashemi","ryanhashemi_","https://x.com/ryanhashemi_/status/1907450303290704189","1907450303290704189","x.com/bookmarks","",""
"2025-04-04T00:00:03.000Z","2025","2025-04","GREG ISENBERG","gregisenberg","https://x.com/gregisenberg/status/1907946228857581958","1907946228857581958","x.com/bookmarks","",""
"2025-04-05T11:09:54.000Z","2025","2025-04","kamran Hassan","Rana_kamran43","https://x.com/Rana_kamran43/status/1908477191798874366","1908477191798874366","x.com/bookmarks","",""
"2025-04-05T21:00:44.000Z","2025","2025-04","Bryan Ng","boomerrbryan","https://x.com/boomerrbryan/status/1908625878025666795","1908625878025666795","x.com/bookmarks","",""
"2025-04-06T07:30:19.000Z","2025","2025-04","Amit","HeyAmit_","https://x.com/HeyAmit_/status/1908784315682422856","1908784315682422856","x.com/bookmarks","",""
"2025-04-06T08:15:00.000Z","2025","2025-04","MaximeB","MaximeMB_","https://x.com/MaximeMB_/status/1908795563254190418","1908795563254190418","x.com/bookmarks","",""
"2025-04-09T13:29:48.000Z","2025","2025-04","Jeddi","antinertia","https://x.com/antinertia/status/1909961947690185113","1909961947690185113","x.com/bookmarks","",""
"2025-04-09T16:40:31.000Z","2025","2025-04","Aadit Sheth","aaditsh","https://x.com/aaditsh/status/1910009943593251117","1910009943593251117","x.com/bookmarks","",""
"2025-04-09T18:33:50.000Z","2025","2025-04","ℏεsam","Hesamation","https://x.com/Hesamation/status/1910038462771691737","1910038462771691737","x.com/bookmarks","",""
"2025-04-19T08:00:24.000Z","2025","2025-04","Jaynit Makwana","JaynitMakwana","https://x.com/JaynitMakwana/status/1913502928628855132","1913502928628855132","x.com/bookmarks","",""
"2025-04-20T00:04:35.000Z","2025","2025-04","GREG ISENBERG","gregisenberg","https://x.com/gregisenberg/status/1913745574576169215","1913745574576169215","x.com/bookmarks","",""
"2025-04-20T04:00:01.000Z","2025","2025-04","John Rush","johnrushx","https://x.com/johnrushx/status/1913804824514347183","1913804824514347183","x.com/bookmarks","",""
"2025-04-21T16:38:26.000Z","2025","2025-04","Denislav Jeliazkov","DenisJeliazkov","https://x.com/DenisJeliazkov/status/1914358072199536973","1914358072199536973","x.com/bookmarks","",""
"2025-04-21T18:04:46.000Z","2025","2025-04","Ben Lang","benln","https://x.com/benln/status/1914379800376209806","1914379800376209806","x.com/bookmarks","",""
"2025-04-22T09:52:42.000Z","2025","2025-04","Dan","d4m1n","https://x.com/d4m1n/status/1914618354859384860","1914618354859384860","x.com/bookmarks","",""
"2025-04-23T15:15:26.000Z","2025","2025-04","Matt Shumer","mattshumer_","https://x.com/mattshumer_/status/1915061961332507081","1915061961332507081","x.com/bookmarks","",""
"2025-04-24T12:28:40.000Z","2025","2025-04","Bo Bohunicky","TheIntegralPath","https://x.com/TheIntegralPath/status/1915382380073828662","1915382380073828662","x.com/bookmarks","",""
"2025-04-29T00:34:31.000Z","2025","2025-04","Joe Speiser","jspeiser","https://x.com/jspeiser/status/1917014600282755266","1917014600282755266","x.com/bookmarks","",""
"2025-04-29T01:42:02.000Z","2025","2025-04","Eli Langer","EliLanger","https://x.com/EliLanger/status/1917031588870951299","1917031588870951299","x.com/bookmarks","",""
"2025-04-29T11:47:25.000Z","2025","2025-04","Linus ✦ Ekenstam","LinusEkenstam","https://x.com/LinusEkenstam/status/1917183939619480008","1917183939619480008","x.com/bookmarks","",""
"2025-04-29T18:22:23.000Z","2025","2025-04","toly","toly","https://x.com/toly/status/1917283335275217202","1917283335275217202","x.com/bookmarks","",""
"2025-04-29T19:03:19.000Z","2025","2025-04","Noah","noahreeveshq","https://x.com/noahreeveshq/status/1917293636712292775","1917293636712292775","x.com/bookmarks","",""
"2025-04-30T17:10:16.000Z","2025","2025-04","Ben Lang","benln","https://x.com/benln/status/1917627576962388078","1917627576962388078","x.com/bookmarks","",""
"2025-04-30T22:34:48.000Z","2025","2025-04","Chris Fralic","chrisfralic","https://x.com/chrisfralic/status/1917709249016389945","1917709249016389945","x.com/bookmarks","",""
"2025-05-02T14:55:26.000Z","2025","2025-05","GREG ISENBERG","gregisenberg","https://x.com/gregisenberg/status/1918318421412069848","1918318421412069848","x.com/bookmarks","",""
"2025-05-02T15:57:19.000Z","2025","2025-05","EP","eptwts","https://x.com/eptwts/status/1918333994695049694","1918333994695049694","x.com/bookmarks","",""
"2025-05-04T16:32:09.000Z","2025","2025-05","Suhail","Suhail","https://x.com/Suhail/status/1919067533891514455","1919067533891514455","x.com/bookmarks","",""
"2025-05-04T21:38:54.000Z","2025","2025-05","Paul Graham","paulg","https://x.com/paulg/status/1919144731369472225","1919144731369472225","x.com/bookmarks","",""
"2025-05-08T13:45:06.000Z","2025","2025-05","Ben Lang","benln","https://x.com/benln/status/1920475045006028950","1920475045006028950","x.com/bookmarks","",""
"2025-05-09T04:00:04.000Z","2025","2025-05","John Rush","johnrushx","https://x.com/johnrushx/status/1920690207785185739","1920690207785185739","x.com/bookmarks","",""
"2025-05-09T07:21:09.000Z","2025","2025-05","Solt Wagner","soltwagner","https://x.com/soltwagner/status/1920740811916144713","1920740811916144713","x.com/bookmarks","",""
"2025-05-09T14:28:39.000Z","2025","2025-05","John Rush","johnrushx","https://x.com/johnrushx/status/1920848395612418227","1920848395612418227","x.com/bookmarks","",""
"2025-05-10T13:34:03.000Z","2025","2025-05","Aadit Sheth","aaditsh","https://x.com/aaditsh/status/1921197040799019088","1921197040799019088","x.com/bookmarks","",""
"2025-05-29T14:30:01.000Z","2025","2025-05","John Rush","johnrushx","https://x.com/johnrushx/status/1928096496987066604","1928096496987066604","x.com/bookmarks","",""
"2025-05-31T20:58:14.000Z","2025","2025-05","OneFootball","OneFootball","https://x.com/OneFootball/status/1928918967638270366","1928918967638270366","x.com/bookmarks","",""
"2025-06-04T13:34:06.000Z","2025","2025-06","Codie Sanchez","Codie_Sanchez","https://x.com/Codie_Sanchez/status/1930256749769920751","1930256749769920751","x.com/bookmarks","",""
"2025-06-04T13:35:08.000Z","2025","2025-06","Codie Sanchez","Codie_Sanchez","https://x.com/Codie_Sanchez/status/1930257009233777150","1930257009233777150","x.com/bookmarks","",""
"2025-06-04T13:35:11.000Z","2025","2025-06","Codie Sanchez","Codie_Sanchez","https://x.com/Codie_Sanchez/status/1930257023544758693","1930257023544758693","x.com/bookmarks","",""
"2025-06-04T13:36:15.000Z","2025","2025-06","Codie Sanchez","Codie_Sanchez","https://x.com/Codie_Sanchez/status/1930257291674042874","1930257291674042874","x.com/bookmarks","",""
"2025-06-04T13:36:21.000Z","2025","2025-06","Codie Sanchez","Codie_Sanchez","https://x.com/Codie_Sanchez/status/1930257316495987085","1930257316495987085","x.com/bookmarks","",""
"2025-06-05T07:13:03.000Z","2025","2025-06","Actuel Moyen Âge","AgeMoyen","https://x.com/AgeMoyen/status/1930523245536518409","1930523245536518409","x.com/bookmarks","",""
"2025-06-05T14:03:37.000Z","2025","2025-06","Linus ✦ Ekenstam","LinusEkenstam","https://x.com/LinusEkenstam/status/1930626566612304164","1930626566612304164","x.com/bookmarks","",""
"2025-06-06T04:57:00.000Z","2025","2025-06","Navalism","NavalismHQ","https://x.com/NavalismHQ/status/1930851393218224240","1930851393218224240","x.com/bookmarks","",""
"2025-06-06T11:11:22.000Z","2025","2025-06","Tim Denning","Tim_Denning","https://x.com/Tim_Denning/status/1930945606580666728","1930945606580666728","x.com/bookmarks","",""
"2025-06-06T14:59:29.000Z","2025","2025-06","jason liu","jxnlco","https://x.com/jxnlco/status/1931003015051518077","1931003015051518077","x.com/bookmarks","",""
"2025-06-06T15:22:52.000Z","2025","2025-06","Le Meilleur du PSG","LMDPSG","https://x.com/LMDPSG/status/1931008898971918635","1931008898971918635","x.com/bookmarks","",""
"2025-06-06T15:38:02.000Z","2025","2025-06","tyler hogge","thogge","https://x.com/thogge/status/1931012715188785263","1931012715188785263","x.com/bookmarks","",""
"2025-06-07T09:03:00.000Z","2025","2025-06","Navalism","NavalismHQ","https://x.com/NavalismHQ/status/1931275689803542608","1931275689803542608","x.com/bookmarks","",""
"2025-06-07T13:53:25.000Z","2025","2025-06","Panam’s","panams75","https://x.com/panams75/status/1931348774619640087","1931348774619640087","x.com/bookmarks","",""
"2025-06-12T16:42:43.000Z","2025","2025-06","Panam’s","panams75","https://x.com/panams75/status/1933203319423397958","1933203319423397958","x.com/bookmarks","",""
"2025-07-13T14:32:57.000Z","2025","2025-07","Hosun Chung","hosun_chung","https://x.com/hosun_chung/status/1944404688536994015","1944404688536994015","x.com/bookmarks","",""
"2025-07-15T20:40:04.000Z","2025","2025-07","Codie Sanchez","Codie_Sanchez","https://x.com/Codie_Sanchez/status/1945221850423848998","1945221850423848998","x.com/bookmarks","",""
"2025-08-03T19:10:05.000Z","2025","2025-08","Sam Altman","sama","https://x.com/sama/status/1952084574366032354","1952084574366032354","x.com/bookmarks","",""
"2025-08-16T09:20:10.000Z","2025","2025-08","Louis Gleeson","aigleeson","https://x.com/aigleeson/status/1956647158679310517","1956647158679310517","x.com/bookmarks","",""
"2025-08-16T11:02:00.000Z","2025","2025-08","cinesthetic.","TheCinesthetic","https://x.com/TheCinesthetic/status/1956672788254642274","1956672788254642274","x.com/bookmarks","",""
"2025-08-16T13:04:38.000Z","2025","2025-08","GREG ISENBERG","gregisenberg","https://x.com/gregisenberg/status/1956703650744578091","1956703650744578091","x.com/bookmarks","",""
"2025-08-18T18:57:20.000Z","2025","2025-08","Alex Prompter","alex_prompter","https://x.com/alex_prompter/status/1957517186446274571","1957517186446274571","x.com/bookmarks","",""
"2025-08-19T06:52:52.000Z","2025","2025-08","𝕛𝕖𝕗𝕗","MSJF03","https://x.com/MSJF03/status/1957697254875095149","1957697254875095149","x.com/bookmarks","",""
"2025-08-19T11:14:18.000Z","2025","2025-08","David Quinn","DavQuinn","https://x.com/DavQuinn/status/1957763046572527714","1957763046572527714","x.com/bookmarks","",""
"2025-08-19T13:12:57.000Z","2025","2025-08","Tom","tomcrawshaw01","https://x.com/tomcrawshaw01/status/1957792907269927230","1957792907269927230","x.com/bookmarks","",""
"2025-08-19T18:21:35.000Z","2025","2025-08","Trung Phan","TrungTPhan","https://x.com/TrungTPhan/status/1957870576628035730","1957870576628035730","x.com/bookmarks","",""
"2025-08-19T19:13:26.000Z","2025","2025-08","Matteo Franceschetti","m_franceschetti","https://x.com/m_franceschetti/status/1957883625489227858","1957883625489227858","x.com/bookmarks","",""
"2025-08-19T19:42:03.000Z","2025","2025-08","JB","justbuilding","https://x.com/justbuilding/status/1957890827897958535","1957890827897958535","x.com/bookmarks","",""
"2025-08-19T20:29:02.000Z","2025","2025-08","Niko Ludwig","Collateral_com","https://x.com/Collateral_com/status/1957902650252398629","1957902650252398629","x.com/bookmarks","",""
"2025-08-20T20:19:13.000Z","2025","2025-08","The Startup Ideas Podcast (SIP)","startupideaspod","https://x.com/startupideaspod/status/1958262568247763231","1958262568247763231","x.com/bookmarks","",""
"2025-08-20T23:01:15.000Z","2025","2025-08","Boring_Business","BoringBiz_","https://x.com/BoringBiz_/status/1958303343174185282","1958303343174185282","x.com/bookmarks","",""
"2025-08-20T23:34:37.000Z","2025","2025-08","tex mex nihilo","flex_nihilo","https://x.com/flex_nihilo/status/1958311741127111000","1958311741127111000","x.com/bookmarks","",""
"2025-08-21T00:53:56.000Z","2025","2025-08","future cigarette mom","thr0at_g0at__","https://x.com/thr0at_g0at__/status/1958331700829733244","1958331700829733244","x.com/bookmarks","",""
"2025-08-21T03:00:01.000Z","2025","2025-08","John Rush","johnrushx","https://x.com/johnrushx/status/1958363431922500053","1958363431922500053","x.com/bookmarks","",""
"2025-08-21T15:20:06.000Z","2025","2025-08","Blake Burge","blakeaburge","https://x.com/blakeaburge/status/1958549679899099536","1958549679899099536","x.com/bookmarks","",""
"2025-08-22T23:07:31.000Z","2025","2025-08","critter","BecomingCritter","https://x.com/BecomingCritter/status/1959029696781590633","1959029696781590633","x.com/bookmarks","",""
"2025-08-23T13:15:02.000Z","2025","2025-08","Karl Mehta","karlmehta","https://x.com/karlmehta/status/1959242981921497093","1959242981921497093","x.com/bookmarks","",""
"2025-08-23T16:43:10.000Z","2025","2025-08","The Startup Ideas Podcast (SIP)","startupideaspod","https://x.com/startupideaspod/status/1959295358527549910","1959295358527549910","x.com/bookmarks","",""
"2025-08-23T21:14:30.000Z","2025","2025-08","The Figen","TheFigen_","https://x.com/TheFigen_/status/1959363642601750963","1959363642601750963","x.com/bookmarks","",""
"2025-08-23T22:03:41.000Z","2025","2025-08","VEO","vrexec","https://x.com/vrexec/status/1959376019170939116","1959376019170939116","x.com/bookmarks","",""
"2025-08-24T13:39:03.000Z","2025","2025-08","GitHub Projects Community","GithubProjects","https://x.com/GithubProjects/status/1959611412055240820","1959611412055240820","x.com/bookmarks","",""
"2025-08-24T22:33:00.000Z","2025","2025-08","Dudes Posting Their W’s","DudespostingWs","https://x.com/DudespostingWs/status/1959745786343723251","1959745786343723251","x.com/bookmarks","",""
"2025-08-25T12:46:06.000Z","2025","2025-08","Florian Darroman","floriandarroman","https://x.com/floriandarroman/status/1959960478051877285","1959960478051877285","x.com/bookmarks","",""
"2025-08-25T23:12:04.000Z","2025","2025-08","GREG ISENBERG","gregisenberg","https://x.com/gregisenberg/status/1960118007176323238","1960118007176323238","x.com/bookmarks","",""
"2025-08-28T19:17:53.000Z","2025","2025-08","Wholesome Side of 𝕏","itsme_urstruly","https://x.com/itsme_urstruly/status/1961146235714506842","1961146235714506842","x.com/bookmarks","",""
"2025-08-29T00:00:00.000Z","2025","2025-08","Mind Essentials","Mind_Essentials","https://x.com/Mind_Essentials/status/1961217234103042137","1961217234103042137","x.com/bookmarks","",""
"2025-08-29T13:06:56.000Z","2025","2025-08","Alex Banks","thealexbanks","https://x.com/thealexbanks/status/1961415269332443456","1961415269332443456","x.com/bookmarks","",""
"2025-08-29T20:55:37.000Z","2025","2025-08","Matthieu Gariel — eu/acc","MatthieuGariel","https://x.com/MatthieuGariel/status/1961533218693218588","1961533218693218588","x.com/bookmarks","",""
"2025-09-02T04:36:18.000Z","2025","2025-09","Paul Graham","paulg","https://x.com/paulg/status/1962736318049288199","1962736318049288199","x.com/bookmarks","",""
"2025-09-02T19:07:57.000Z","2025","2025-09","HOUSE PORN","HOUSEPORN___","https://x.com/HOUSEPORN___/status/1962955672829481203","1962955672829481203","x.com/bookmarks","",""
"2025-09-02T19:31:33.000Z","2025","2025-09","Amanda Goodall","thejobchick","https://x.com/thejobchick/status/1962961616049471930","1962961616049471930","x.com/bookmarks","",""
"2025-09-04T21:46:56.000Z","2025","2025-09","Josh Pigford","Shpigford","https://x.com/Shpigford/status/1963720459419365716","1963720459419365716","x.com/bookmarks","",""
"2025-09-07T17:55:37.000Z","2025","2025-09","George Stock","georgesttock","https://x.com/georgesttock/status/1964749411679895619","1964749411679895619","x.com/bookmarks","",""
"2025-09-08T01:54:00.000Z","2025","2025-09","Ahmad","TheAhmadOsman","https://x.com/TheAhmadOsman/status/1964869801404420396","1964869801404420396","x.com/bookmarks","",""
"2025-09-08T04:29:32.000Z","2025","2025-09","mitsuri","0xmitsurii","https://x.com/0xmitsurii/status/1964908942292861200","1964908942292861200","x.com/bookmarks","",""
"2025-09-08T09:30:00.000Z","2025","2025-09","Book Therapy","Book_therapy223","https://x.com/Book_therapy223/status/1964984557997842867","1964984557997842867","x.com/bookmarks","",""
"2025-09-08T11:28:54.000Z","2025","2025-09","Linus ✦ Ekenstam","LinusEkenstam","https://x.com/LinusEkenstam/status/1965014479760204118","1965014479760204118","x.com/bookmarks","",""
"2025-09-08T12:22:54.000Z","2025","2025-09","Sahil Bloom","SahilBloom","https://x.com/SahilBloom/status/1965028067879043580","1965028067879043580","x.com/bookmarks","",""
"2025-09-08T14:00:19.000Z","2025","2025-09","GREG ISENBERG","gregisenberg","https://x.com/gregisenberg/status/1965052581924803013","1965052581924803013","x.com/bookmarks","",""
"2025-09-09T04:45:36.000Z","2025","2025-09","Dear Self.","Dearme2_","https://x.com/Dearme2_/status/1965275373010403461","1965275373010403461","x.com/bookmarks","",""
"2025-09-09T13:54:41.000Z","2025","2025-09","GREG ISENBERG","gregisenberg","https://x.com/gregisenberg/status/1965413552157852124","1965413552157852124","x.com/bookmarks","",""
"2025-09-09T20:19:42.000Z","2025","2025-09","Basic Apple Guy","BasicAppleGuy","https://x.com/BasicAppleGuy/status/1965510444363514101","1965510444363514101","x.com/bookmarks","",""
"2025-09-09T21:28:31.000Z","2025","2025-09","Imade.","ImadeIyamu","https://x.com/ImadeIyamu/status/1965527764167262336","1965527764167262336","x.com/bookmarks","",""
"2025-09-09T21:55:00.000Z","2025","2025-09","Dividend Growth Investor","DividendGrowth","https://x.com/DividendGrowth/status/1965534428824043575","1965534428824043575","x.com/bookmarks","",""
"2025-09-10T09:57:14.000Z","2025","2025-09","Viktor Oddy","viktoroddy","https://x.com/viktoroddy/status/1965716186764878095","1965716186764878095","x.com/bookmarks","",""
"2025-09-11T16:03:48.000Z","2025","2025-09","Guillermo Flor","guilleflorvs","https://x.com/guilleflorvs/status/1966170822239985959","1966170822239985959","x.com/bookmarks","",""
"2025-09-11T17:46:34.000Z","2025","2025-09","Deep Psychology","DeepPsycho_HQ","https://x.com/DeepPsycho_HQ/status/1966196683215351909","1966196683215351909","x.com/bookmarks","",""
"2025-09-11T22:17:58.000Z","2025","2025-09","vas","vasuman","https://x.com/vasuman/status/1966264982905254343","1966264982905254343","x.com/bookmarks","",""
"2025-09-12T09:11:06.000Z","2025","2025-09","Paul Graham","paulg","https://x.com/paulg/status/1966429349944418362","1966429349944418362","x.com/bookmarks","",""
"2025-09-12T19:47:15.000Z","2025","2025-09","GREG ISENBERG","gregisenberg","https://x.com/gregisenberg/status/1966589444279914919","1966589444279914919","x.com/bookmarks","",""
"2025-09-12T20:01:50.000Z","2025","2025-09","Idea Browser","ideabrowser","https://x.com/ideabrowser/status/1966593112077463953","1966593112077463953","x.com/bookmarks","",""
"2025-09-13T17:21:24.000Z","2025","2025-09","GREG ISENBERG","gregisenberg","https://x.com/gregisenberg/status/1966915128257110133","1966915128257110133","x.com/bookmarks","",""
"2025-09-14T14:02:29.000Z","2025","2025-09","GREG ISENBERG","gregisenberg","https://x.com/gregisenberg/status/1967227456814821629","1967227456814821629","x.com/bookmarks","",""
"2025-09-15T23:50:58.000Z","2025","2025-09","GREG ISENBERG","gregisenberg","https://x.com/gregisenberg/status/1967737940743717373","1967737940743717373","x.com/bookmarks","",""
"2025-09-18T00:39:30.000Z","2025","2025-09","GREG ISENBERG","gregisenberg","https://x.com/gregisenberg/status/1968474931638718666","1968474931638718666","x.com/bookmarks","",""
"2025-09-18T22:10:22.000Z","2025","2025-09","robin","zebird0","https://x.com/zebird0/status/1968799786154221605","1968799786154221605","x.com/bookmarks","",""
"2025-09-19T04:07:04.000Z","2025","2025-09","Reads with Ravi","readswithravi","https://x.com/readswithravi/status/1968889554649174490","1968889554649174490","x.com/bookmarks","",""
"2025-09-23T17:30:28.000Z","2025","2025-09","Claude","claudeai","https://x.com/claudeai/status/1970541285615264071","1970541285615264071","x.com/bookmarks","",""
"2025-09-23T18:27:18.000Z","2025","2025-09","Aadit Sheth","aaditsh","https://x.com/aaditsh/status/1970555589215560163","1970555589215560163","x.com/bookmarks","",""
"2025-09-24T15:00:12.000Z","2025","2025-09","B","itswithinme_","https://x.com/itswithinme_/status/1970865860261609931","1970865860261609931","x.com/bookmarks","",""
"2025-09-24T21:40:30.000Z","2025","2025-09","non aesthetic things","PicturesFoIder","https://x.com/PicturesFoIder/status/1970966599713607847","1970966599713607847","x.com/bookmarks","",""
"2025-09-25T22:28:49.000Z","2025","2025-09","Jason Fried","jasonfried","https://x.com/jasonfried/status/1971341145574986001","1971341145574986001","x.com/bookmarks","",""
"2025-09-26T12:49:50.000Z","2025","2025-09","GREG ISENBERG","gregisenberg","https://x.com/gregisenberg/status/1971557829237756104","1971557829237756104","x.com/bookmarks","",""
"2025-09-27T03:09:36.000Z","2025","2025-09","TheBetterPath","TheBetterPath_","https://x.com/TheBetterPath_/status/1971774194125074484","1971774194125074484","x.com/bookmarks","",""
"2025-09-27T12:13:35.000Z","2025","2025-09","Himanshu","him_uiux","https://x.com/him_uiux/status/1971911092206293283","1971911092206293283","x.com/bookmarks","",""
"2025-09-27T21:41:51.000Z","2025","2025-09","Instant Foot","lnstantFoot","https://x.com/lnstantFoot/status/1972054100272718122","1972054100272718122","x.com/bookmarks","",""
"2025-09-27T23:01:46.000Z","2025","2025-09","𝐏𝐒𝐆𝐈𝐍𝐓","PSGINT_","https://x.com/PSGINT_/status/1972074214632182115","1972074214632182115","x.com/bookmarks","",""
"2025-09-28T13:47:19.000Z","2025","2025-09","Sheel Mohnot","pitdesi","https://x.com/pitdesi/status/1972297067684122863","1972297067684122863","x.com/bookmarks","",""
"2025-09-29T09:53:00.000Z","2025","2025-09","insane poses","insaneposes","https://x.com/insaneposes/status/1972600488379183256","1972600488379183256","x.com/bookmarks","",""
"2025-09-29T10:05:03.000Z","2025","2025-09","Empire Mindset | Wealth Architect","guideforman","https://x.com/guideforman/status/1972603523394142595","1972603523394142595","x.com/bookmarks","",""
"2025-09-29T17:23:58.000Z","2025","2025-09","tobi lutke","tobi","https://x.com/tobi/status/1972713979576549565","1972713979576549565","x.com/bookmarks","",""
"2025-09-29T19:38:14.000Z","2025","2025-09","Aakash Gupta","aakashgupta","https://x.com/aakashgupta/status/1972747768130396389","1972747768130396389","x.com/bookmarks","",""
"2025-09-30T16:30:10.000Z","2025","2025-09","Empire Mindset | Wealth Architect","guideforman","https://x.com/guideforman/status/1973062828996047274","1973062828996047274","x.com/bookmarks","",""
"2025-09-30T19:43:59.000Z","2025","2025-09","Lex Fridman","lexfridman","https://x.com/lexfridman/status/1973111601470513650","1973111601470513650","x.com/bookmarks","",""
"2025-10-02T10:40:55.000Z","2025","2025-10","Ash Arora","asharoraa","https://x.com/asharoraa/status/1973699710788710817","1973699710788710817","x.com/bookmarks","",""
"2025-10-02T17:44:15.000Z","2025","2025-10","PSGINSIDE-ACTUS","PSGInside_Actu","https://x.com/PSGInside_Actu/status/1973806246668218622","1973806246668218622","x.com/bookmarks","",""
"2025-10-02T21:58:48.000Z","2025","2025-10","Alex Hormozi","AlexHormozi","https://x.com/AlexHormozi/status/1973870305945780712","1973870305945780712","x.com/bookmarks","",""
"2025-10-05T04:12:15.000Z","2025","2025-10","Reads with Ravi","readswithravi","https://x.com/readswithravi/status/1974689062390038712","1974689062390038712","x.com/bookmarks","",""
"2025-10-05T04:31:02.000Z","2025","2025-10","Naval","naval","https://x.com/naval/status/1974693789374833019","1974693789374833019","x.com/bookmarks","",""
"2025-10-05T16:44:29.000Z","2025","2025-10","Aesthetics 𝕏","aestheticsguyy","https://x.com/aestheticsguyy/status/1974878371361456625","1974878371361456625","x.com/bookmarks","",""
"2025-10-07T05:09:16.000Z","2025","2025-10","Nelly;","nrqa__","https://x.com/nrqa__/status/1975428187770527760","1975428187770527760","x.com/bookmarks","",""
"2025-10-18T00:50:36.000Z","2025","2025-10","Daniel San","dani_avila7","https://x.com/dani_avila7/status/1979349357636767986","1979349357636767986","x.com/bookmarks","",""
"2025-10-21T07:19:09.000Z","2025","2025-10","Knowledge Bank","xKnowledgeBANK","https://x.com/xKnowledgeBANK/status/1980534306666869218","1980534306666869218","x.com/bookmarks","",""
"2025-10-21T15:01:27.000Z","2025","2025-10","Lovable","Lovable","https://x.com/Lovable/status/1980650647096836357","1980650647096836357","x.com/bookmarks","",""
"2025-10-21T17:20:21.000Z","2025","2025-10","OpenAI","OpenAI","https://x.com/OpenAI/status/1980685602384441368","1980685602384441368","x.com/bookmarks","",""
"2025-10-22T07:20:14.000Z","2025","2025-10","BeFootball","_BeFootball","https://x.com/_BeFootball/status/1980896966658924908","1980896966658924908","x.com/bookmarks","",""
"2025-10-22T10:30:31.000Z","2025","2025-10","DataMB","DataMB_","https://x.com/DataMB_/status/1980944849986629675","1980944849986629675","x.com/bookmarks","",""
"2025-10-22T12:37:42.000Z","2025","2025-10","Tyler","TylerDurden","https://x.com/TylerDurden/status/1980976858809430489","1980976858809430489","x.com/bookmarks","",""
"2025-10-22T17:38:15.000Z","2025","2025-10","Julien Froment","JulienFroment","https://x.com/JulienFroment/status/1981052492374036535","1981052492374036535","x.com/bookmarks","",""
"2025-10-22T18:20:36.000Z","2025","2025-10","Honestly with Bari Weiss","thehonestlypod","https://x.com/thehonestlypod/status/1981063153459879954","1981063153459879954","x.com/bookmarks","",""
"2025-10-22T19:41:44.000Z","2025","2025-10","Alex Recouso","recouso","https://x.com/recouso/status/1981083568010121547","1981083568010121547","x.com/bookmarks","",""
"2025-10-22T20:35:17.000Z","2025","2025-10","TIBO","cmoitibo","https://x.com/cmoitibo/status/1981097047613919614","1981097047613919614","x.com/bookmarks","",""
"2025-10-31T12:06:25.000Z","2025","2025-10","Dear Self.","Dearme2_","https://x.com/Dearme2_/status/1984230478254416268","1984230478254416268","x.com/bookmarks","",""
"2025-10-31T15:32:03.000Z","2025","2025-10","Machina","EXM7777","https://x.com/EXM7777/status/1984282226595619032","1984282226595619032","x.com/bookmarks","",""
"2025-11-03T14:38:43.000Z","2025","2025-11","Machina","EXM7777","https://x.com/EXM7777/status/1985355967324971087","1985355967324971087","x.com/bookmarks","",""
"2025-11-04T03:10:00.000Z","2025","2025-11","Jeba","Thomas_jebarsan","https://x.com/Thomas_jebarsan/status/1985545034322870614","1985545034322870614","x.com/bookmarks","",""
"2025-11-08T23:02:02.000Z","2025","2025-11","Auren Hoffman","auren","https://x.com/auren/status/1987294569671893127","1987294569671893127","x.com/bookmarks","",""
"2025-11-09T18:06:46.000Z","2025","2025-11","Alex Lieberman","businessbarista","https://x.com/businessbarista/status/1987582651713134861","1987582651713134861","x.com/bookmarks","",""
"2025-11-09T19:48:00.000Z","2025","2025-11","Rohit Mittal","rohitdotmittal","https://x.com/rohitdotmittal/status/1987608127655538755","1987608127655538755","x.com/bookmarks","",""
"2025-11-10T14:01:47.000Z","2025","2025-11","Ernesto Lopez","ErnestoSOFTWARE","https://x.com/ErnestoSOFTWARE/status/1987883386296258994","1987883386296258994","x.com/bookmarks","",""
"2025-11-11T16:46:38.000Z","2025","2025-11","Garry Tan","garrytan","https://x.com/garrytan/status/1988287261067338014","1988287261067338014","x.com/bookmarks","",""
"2025-11-12T16:05:20.000Z","2025","2025-11","Mike Futia","mikefutia","https://x.com/mikefutia/status/1988639255845871902","1988639255845871902","x.com/bookmarks","",""
"2025-11-13T15:04:12.000Z","2025","2025-11","Paul Graham","paulg","https://x.com/paulg/status/1988986258430075207","1988986258430075207","x.com/bookmarks","",""
"2025-11-13T17:46:50.000Z","2025","2025-11","aditya","adxtyahq","https://x.com/adxtyahq/status/1989027185617953267","1989027185617953267","x.com/bookmarks","",""
"2025-11-13T23:08:49.000Z","2025","2025-11","inhuman resources","inhumandept_vp","https://x.com/inhumandept_vp/status/1989108218984034412","1989108218984034412","x.com/bookmarks","",""
"2025-11-14T23:38:12.000Z","2025","2025-11","Ayda @Interfacer.","aydaoz","https://x.com/aydaoz/status/1989478000107106449","1989478000107106449","x.com/bookmarks","",""
"2025-11-15T18:59:18.000Z","2025","2025-11","Rumi","rumilyrics","https://x.com/rumilyrics/status/1989770198442799551","1989770198442799551","x.com/bookmarks","",""
"2025-11-16T07:07:09.000Z","2025","2025-11","Max","minordissent","https://x.com/minordissent/status/1989953370527076755","1989953370527076755","x.com/bookmarks","",""
"2025-11-16T09:52:24.000Z","2025","2025-11","Elena Song","elenasongsong","https://x.com/elenasongsong/status/1989994955289374960","1989994955289374960","x.com/bookmarks","",""
"2025-11-17T12:57:09.000Z","2025","2025-11","Barbell Financial","BarbellFi","https://x.com/BarbellFi/status/1990403838700851705","1990403838700851705","x.com/bookmarks","",""
"2025-11-19T15:46:41.000Z","2025","2025-11","Gaurav","gaurav_mahto18","https://x.com/gaurav_mahto18/status/1991171278255059000","1991171278255059000","x.com/bookmarks","",""
"2025-11-19T23:50:38.000Z","2025","2025-11","Dave Jones","eevblog","https://x.com/eevblog/status/1991293066175492297","1991293066175492297","x.com/bookmarks","",""
"2025-11-20T01:37:16.000Z","2025","2025-11","Thomas Chua","SteadyCompound","https://x.com/SteadyCompound/status/1991319901253038428","1991319901253038428","x.com/bookmarks","",""
"2025-11-20T12:52:43.000Z","2025","2025-11","Meng To","MengTo","https://x.com/MengTo/status/1991489885690364187","1991489885690364187","x.com/bookmarks","",""
"2025-11-20T14:06:45.000Z","2025","2025-11","Meng To","MengTo","https://x.com/MengTo/status/1991508517895999530","1991508517895999530","x.com/bookmarks","",""
"2025-11-20T14:16:05.000Z","2025","2025-11","George Pu","TheGeorgePu","https://x.com/TheGeorgePu/status/1991510863644098712","1991510863644098712","x.com/bookmarks","",""
"2025-11-21T05:16:05.000Z","2025","2025-11","Kr$na","krishdotdev","https://x.com/krishdotdev/status/1991737357452947482","1991737357452947482","x.com/bookmarks","",""
"2025-11-21T19:24:01.000Z","2025","2025-11","Karri Saarinen","karrisaarinen","https://x.com/karrisaarinen/status/1991950748792627248","1991950748792627248","x.com/bookmarks","",""
"2025-11-21T23:58:52.000Z","2025","2025-11","jonathan liu","jonathanzliu","https://x.com/jonathanzliu/status/1992019916569051554","1992019916569051554","x.com/bookmarks","",""
"2025-11-22T10:31:04.000Z","2025","2025-11","Jaynit","jaynitx","https://x.com/jaynitx/status/1992179014996279413","1992179014996279413","x.com/bookmarks","",""
"2025-11-22T16:11:09.000Z","2025","2025-11","Simon","nomistair","https://x.com/nomistair/status/1992264600629203334","1992264600629203334","x.com/bookmarks","",""
"2025-11-22T17:26:33.000Z","2025","2025-11","Garry Tan","garrytan","https://x.com/garrytan/status/1992283573970497661","1992283573970497661","x.com/bookmarks","",""
"2025-11-22T21:23:03.000Z","2025","2025-11","Starter Story","starter_story","https://x.com/starter_story/status/1992343091307811015","1992343091307811015","x.com/bookmarks","",""
"2025-11-24T14:08:15.000Z","2025","2025-11","Kevin Dahlstrom","Camp4","https://x.com/Camp4/status/1992958445885198805","1992958445885198805","x.com/bookmarks","",""
"2025-11-25T16:06:35.000Z","2025","2025-11","Patrick Werner","patwerX","https://x.com/patwerX/status/1993350612453658642","1993350612453658642","x.com/bookmarks","",""
"2025-11-25T20:03:45.000Z","2025","2025-11","B","itswithinme_","https://x.com/itswithinme_/status/1993410298934645015","1993410298934645015","x.com/bookmarks","",""
"2025-11-26T14:44:54.000Z","2025","2025-11","@levelsio","levelsio","https://x.com/levelsio/status/1993692443779145994","1993692443779145994","x.com/bookmarks","",""
"2025-12-01T12:49:32.000Z","2025","2025-12","Startup Archive","StartupArchive_","https://x.com/StartupArchive_/status/1995475349807763905","1995475349807763905","x.com/bookmarks","",""
"2025-12-03T16:36:53.000Z","2025","2025-12","Garry Tan","garrytan","https://x.com/garrytan/status/1996257339956248717","1996257339956248717","x.com/bookmarks","",""
"2025-12-05T19:17:17.000Z","2025","2025-12","Benjamin Parry","_benjaminparry","https://x.com/_benjaminparry/status/1997022483300352299","1997022483300352299","x.com/bookmarks","",""
"2025-12-06T20:30:28.000Z","2025","2025-12","Bryan Johnson","bryan_johnson","https://x.com/bryan_johnson/status/1997403290171330638","1997403290171330638","x.com/bookmarks","",""
"2025-12-07T21:05:00.000Z","2025","2025-12","Thomas Sowell Quotes","ThomasSowell","https://x.com/ThomasSowell/status/1997774365757186294","1997774365757186294","x.com/bookmarks","",""
"2025-12-08T14:31:29.000Z","2025","2025-12","Varun Anand","vxanand","https://x.com/vxanand/status/1998037723458810129","1998037723458810129","x.com/bookmarks","",""
"2025-12-08T18:12:22.000Z","2025","2025-12","@Mendes_PSG","Mendes_PSG","https://x.com/Mendes_PSG/status/1998093311173677213","1998093311173677213","x.com/bookmarks","",""
"2025-12-09T11:58:03.000Z","2025","2025-12","pawcord","pawcord","https://x.com/pawcord/status/1998361498713038874","1998361498713038874","x.com/bookmarks","",""
"2025-12-10T04:47:32.000Z","2025","2025-12","Manthan Gupta","manthanguptaa","https://x.com/manthanguptaa/status/1998615541574152257","1998615541574152257","x.com/bookmarks","",""
"2025-12-10T21:59:28.000Z","2025","2025-12","Enezator","Enezator","https://x.com/Enezator/status/1998875236390023582","1998875236390023582","x.com/bookmarks","",""
"2025-12-12T06:32:37.000Z","2025","2025-12","Naval","naval","https://x.com/naval/status/1999366763608441199","1999366763608441199","x.com/bookmarks","",""
"2025-12-12T17:38:03.000Z","2025","2025-12","🀅","ecomchigga","https://x.com/ecomchigga/status/1999534223237972301","1999534223237972301","x.com/bookmarks","",""
"2025-12-12T21:05:27.000Z","2025","2025-12","Alex Hormozi","AlexHormozi","https://x.com/AlexHormozi/status/1999586420688880094","1999586420688880094","x.com/bookmarks","",""
"2025-12-13T16:10:28.000Z","2025","2025-12","Min Choi","minchoi","https://x.com/minchoi/status/1999874571806355477","1999874571806355477","x.com/bookmarks","",""
"2025-12-14T23:30:33.000Z","2025","2025-12","mr fundman","mrfundman","https://x.com/mrfundman/status/2000347709375660360","2000347709375660360","x.com/bookmarks","",""
"2025-12-15T20:47:38.000Z","2025","2025-12","PARIN","ParinHeidari","https://x.com/ParinHeidari/status/2000669097915240755","2000669097915240755","x.com/bookmarks","",""
"2025-12-17T16:26:40.000Z","2025","2025-12","ramé","escritosrame","https://x.com/escritosrame/status/2001328201583468945","2001328201583468945","x.com/bookmarks","",""
"2025-12-17T21:29:39.000Z","2025","2025-12","sankalp","dejavucoder","https://x.com/dejavucoder/status/2001404450196336701","2001404450196336701","x.com/bookmarks","",""
"2025-12-17T22:19:00.000Z","2025","2025-12","Interesting things","awkwardgoogle","https://x.com/awkwardgoogle/status/2001416866850574545","2001416866850574545","x.com/bookmarks","",""
"2025-12-18T09:11:51.000Z","2025","2025-12","Tom Dörr","tom_doerr","https://x.com/tom_doerr/status/2001581161399611483","2001581161399611483","x.com/bookmarks","",""
"2025-12-18T10:10:00.000Z","2025","2025-12","Robert Youssef","rryssf_","https://x.com/rryssf_/status/2001595797025214868","2001595797025214868","x.com/bookmarks","",""
"2025-12-18T12:30:47.000Z","2025","2025-12","Nicholas Fabiano, MD","NTFabiano","https://x.com/NTFabiano/status/2001631226113986666","2001631226113986666","x.com/bookmarks","",""
"2025-12-18T14:59:23.000Z","2025","2025-12","Brent Beshore","BrentBeshore","https://x.com/BrentBeshore/status/2001668621139890616","2001668621139890616","x.com/bookmarks","",""
"2025-12-18T15:10:05.000Z","2025","2025-12","Nithya Shri","Nithya_Shrii","https://x.com/Nithya_Shrii/status/2001671316051779960","2001671316051779960","x.com/bookmarks","",""
"2025-12-18T17:39:10.000Z","2025","2025-12","Firecrawl","firecrawl","https://x.com/firecrawl/status/2001708833006403716","2001708833006403716","x.com/bookmarks","",""
"2025-12-19T13:03:27.000Z","2025","2025-12","Rumi","rumilyrics","https://x.com/rumilyrics/status/2002001837004931333","2002001837004931333","x.com/bookmarks","",""
"2025-12-19T14:19:35.000Z","2025","2025-12","Patrick's AIBuzzNews","AIBuzzNews","https://x.com/AIBuzzNews/status/2002020994643370033","2002020994643370033","x.com/bookmarks","",""
"2025-12-19T15:47:33.000Z","2025","2025-12","ℏεsam","Hesamation","https://x.com/Hesamation/status/2002043132213604717","2002043132213604717","x.com/bookmarks","",""
"2025-12-19T20:45:52.000Z","2025","2025-12","Andrej Karpathy","karpathy","https://x.com/karpathy/status/2002118205729562949","2002118205729562949","x.com/bookmarks","",""
"2025-12-20T01:29:10.000Z","2025","2025-12","Seedance Clips","SeedanceVideos","https://x.com/SeedanceVideos/status/2002189498676109755","2002189498676109755","x.com/bookmarks","",""
"2025-12-20T02:32:31.000Z","2025","2025-12","Tom Dörr","tom_doerr","https://x.com/tom_doerr/status/2002205442294915517","2002205442294915517","x.com/bookmarks","",""
"2025-12-20T02:41:10.000Z","2025","2025-12","Daniel San","dani_avila7","https://x.com/dani_avila7/status/2002207619188944953","2002207619188944953","x.com/bookmarks","",""
"2025-12-20T06:11:35.000Z","2025","2025-12","jack","jack","https://x.com/jack/status/2002260571148988542","2002260571148988542","x.com/bookmarks","",""
"2025-12-20T12:33:17.000Z","2025","2025-12","Ilya Berdysh","ilyaberdysh","https://x.com/ilyaberdysh/status/2002356632596934822","2002356632596934822","x.com/bookmarks","",""
"2025-12-20T14:20:30.000Z","2025","2025-12","Melvin Vivas","donvito","https://x.com/donvito/status/2002383613837427016","2002383613837427016","x.com/bookmarks","",""
"2025-12-22T03:40:55.000Z","2025","2025-12","Sukhada","appadappajappa","https://x.com/appadappajappa/status/2002947431428980794","2002947431428980794","x.com/bookmarks","",""
"2025-12-22T20:26:04.000Z","2025","2025-12","Nathan Covey","nathan_covey","https://x.com/nathan_covey/status/2003200386988212468","2003200386988212468","x.com/bookmarks","",""
"2025-12-23T15:30:11.000Z","2025","2025-12","Peter Yang","petergyang","https://x.com/petergyang/status/2003488313626546454","2003488313626546454","x.com/bookmarks","",""
"2025-12-23T17:59:40.000Z","2025","2025-12","Jaya Gupta","JayaGup10","https://x.com/JayaGup10/status/2003525933534179480","2003525933534179480","x.com/bookmarks","",""
"2025-12-24T03:39:32.000Z","2025","2025-12","John Rich","johnrich","https://x.com/johnrich/status/2003671861050085621","2003671861050085621","x.com/bookmarks","",""
"2025-12-24T12:37:18.000Z","2025","2025-12","mitsuri","0xmitsurii","https://x.com/0xmitsurii/status/2003807193163067614","2003807193163067614","x.com/bookmarks","",""
"2025-12-29T01:31:30.000Z","2025","2025-12","Peter Steinberger","steipete","https://x.com/steipete/status/2005451576971043097","2005451576971043097","x.com/bookmarks","",""
"2025-12-30T19:49:11.000Z","2025","2025-12","rahul","rahulgs","https://x.com/rahulgs/status/2006090208823910573","2006090208823910573","x.com/bookmarks","",""
"2025-12-30T20:44:54.000Z","2025","2025-12","BOSS","thebeautyofsaas","https://x.com/thebeautyofsaas/status/2006104228381721052","2006104228381721052","x.com/bookmarks","",""
"2025-12-30T23:35:55.000Z","2025","2025-12","Rohun","RohunJauhar","https://x.com/RohunJauhar/status/2006147267959644303","2006147267959644303","x.com/bookmarks","",""
"2025-12-31T11:00:47.000Z","2025","2025-12","Jainam Parmar","aiwithjainam","https://x.com/aiwithjainam/status/2006319618970021990","2006319618970021990","x.com/bookmarks","",""
"2025-12-31T15:08:57.000Z","2025","2025-12","GREG ISENBERG","gregisenberg","https://x.com/gregisenberg/status/2006382073418752250","2006382073418752250","x.com/bookmarks","",""
"2026-01-05T20:39:26.000Z","2026","2026-01","Res","resdegen","https://x.com/resdegen/status/2008277182238343636","2008277182238343636","x.com/bookmarks","",""
"2026-01-06T12:37:37.000Z","2026","2026-01","Digi","digiii","https://x.com/digiii/status/2008518313995911533","2008518313995911533","x.com/bookmarks","",""
"2026-01-06T12:41:59.000Z","2026","2026-01","Md Riyazuddin","riyazmd774","https://x.com/riyazmd774/status/2008519416137609307","2008519416137609307","x.com/bookmarks","",""
"2026-01-08T05:46:44.000Z","2026","2026-01","nader dabit","dabit3","https://x.com/dabit3/status/2009139688959852701","2009139688959852701","x.com/bookmarks","",""
"2026-01-08T12:09:00.000Z","2026","2026-01","naiive","naiivememe","https://x.com/naiivememe/status/2009235888686125071","2009235888686125071","x.com/bookmarks","",""
"2026-01-08T13:40:08.000Z","2026","2026-01","Damian Player","damianplayer","https://x.com/damianplayer/status/2009258825619050899","2009258825619050899","x.com/bookmarks","",""
"2026-01-08T16:44:17.000Z","2026","2026-01","Simone Canc","simonecanciello","https://x.com/simonecanciello/status/2009305167963779379","2009305167963779379","x.com/bookmarks","",""
"2026-01-08T17:19:23.000Z","2026","2026-01","@levelsio","levelsio","https://x.com/levelsio/status/2009314001155432552","2009314001155432552","x.com/bookmarks","",""
"2026-01-08T17:44:00.000Z","2026","2026-01","DAN KOE","thedankoe","https://x.com/thedankoe/status/2009320195848872014","2009320195848872014","x.com/bookmarks","",""
"2026-01-08T18:18:52.000Z","2026","2026-01","Hunter Hammonds","hunterhammonds","https://x.com/hunterhammonds/status/2009328970375025109","2009328970375025109","x.com/bookmarks","",""
"2026-01-09T02:22:38.000Z","2026","2026-01","Boris Cherny","bcherny","https://x.com/bcherny/status/2009450715081789767","2009450715081789767","x.com/bookmarks","",""
"2026-01-09T10:45:13.000Z","2026","2026-01","𝔇𝔧𝔦𝔟𝔦𝔫𝔥𝔬","DjibinhoPvris_","https://x.com/DjibinhoPvris_/status/2009577192913817606","2009577192913817606","x.com/bookmarks","",""
"2026-01-09T11:13:56.000Z","2026","2026-01","Abdul Șhakoor","abxxai","https://x.com/abxxai/status/2009584417585639510","2009584417585639510","x.com/bookmarks","",""
"2026-01-09T11:26:18.000Z","2026","2026-01","Robert Youssef","rryssf_","https://x.com/rryssf_/status/2009587531910938787","2009587531910938787","x.com/bookmarks","",""
"2026-01-09T11:28:20.000Z","2026","2026-01","kanav","kanavtwt","https://x.com/kanavtwt/status/2009588042038997024","2009588042038997024","x.com/bookmarks","",""
"2026-01-09T16:14:53.000Z","2026","2026-01","sluj","smashdirt","https://x.com/smashdirt/status/2009660157312254197","2009660157312254197","x.com/bookmarks","",""
"2026-01-09T16:29:07.000Z","2026","2026-01","Rohit","rohit4verse","https://x.com/rohit4verse/status/2009663737469542875","2009663737469542875","x.com/bookmarks","",""
"2026-01-10T08:20:45.000Z","2026","2026-01","Yewande O","yewiedewie","https://x.com/yewiedewie/status/2009903222262256089","2009903222262256089","x.com/bookmarks","",""
"2026-01-10T14:03:28.000Z","2026","2026-01","Benny Johnson","bennyjohnson","https://x.com/bennyjohnson/status/2009989471736082675","2009989471736082675","x.com/bookmarks","",""
"2026-01-10T14:30:13.000Z","2026","2026-01","Saurabh","TheOvermanEthos","https://x.com/TheOvermanEthos/status/2009996201479835897","2009996201479835897","x.com/bookmarks","",""
"2026-01-10T17:32:40.000Z","2026","2026-01","DAN KOE","thedankoe","https://x.com/thedankoe/status/2010042119121957316","2010042119121957316","x.com/bookmarks","",""
"2026-01-11T04:06:19.000Z","2026","2026-01","Om Patel","om_patel5","https://x.com/om_patel5/status/2010201583892496481","2010201583892496481","x.com/bookmarks","",""
"2026-01-11T09:35:10.000Z","2026","2026-01","Hridoy Rehman","hridoyreh","https://x.com/hridoyreh/status/2010284341461766590","2010284341461766590","x.com/bookmarks","",""
"2026-01-11T13:02:02.000Z","2026","2026-01","nxthompson","nxthompson","https://x.com/nxthompson/status/2010336399405265302","2010336399405265302","x.com/bookmarks","",""
"2026-01-11T14:14:46.000Z","2026","2026-01","Anthony Pompliano","APompliano","https://x.com/APompliano/status/2010354704723988613","2010354704723988613","x.com/bookmarks","",""
"2026-01-11T15:26:03.000Z","2026","2026-01","tobi lutke","tobi","https://x.com/tobi/status/2010372642843599064","2010372642843599064","x.com/bookmarks","",""
"2026-01-11T18:08:20.000Z","2026","2026-01","The Founders' Tribune","foundertribune","https://x.com/foundertribune/status/2010413482399948800","2010413482399948800","x.com/bookmarks","",""
"2026-01-11T18:25:04.000Z","2026","2026-01","Bp2f","BourpiffCh","https://x.com/BourpiffCh/status/2010417693112025413","2010417693112025413","x.com/bookmarks","",""
"2026-01-11T20:00:13.000Z","2026","2026-01","Tim Denning","Tim_Denning","https://x.com/Tim_Denning/status/2010441640318558391","2010441640318558391","x.com/bookmarks","",""
"2026-01-12T02:36:00.000Z","2026","2026-01","autist","litteralyme0","https://x.com/litteralyme0/status/2010541239733739931","2010541239733739931","x.com/bookmarks","",""
"2026-01-12T16:31:52.000Z","2026","2026-01","DAN KOE","thedankoe","https://x.com/thedankoe/status/2010751592346030461","2010751592346030461","x.com/bookmarks","",""
"2026-01-12T19:33:02.000Z","2026","2026-01","Machina","EXM7777","https://x.com/EXM7777/status/2010797185001275622","2010797185001275622","x.com/bookmarks","",""
"2026-01-12T20:43:01.000Z","2026","2026-01","GREG ISENBERG","gregisenberg","https://x.com/gregisenberg/status/2010814799496548699","2010814799496548699","x.com/bookmarks","",""
"2026-01-13T02:31:17.000Z","2026","2026-01","Top 1% Men","dtop1percentmen","https://x.com/dtop1percentmen/status/2010902442368528828","2010902442368528828","x.com/bookmarks","",""
"2026-01-13T05:00:00.000Z","2026","2026-01","Mind Essentials","Mind_Essentials","https://x.com/Mind_Essentials/status/2010939866058747915","2010939866058747915","x.com/bookmarks","",""
"2026-01-13T10:36:01.000Z","2026","2026-01","Marc Lou","marclou","https://x.com/marclou/status/2011024430567473547","2011024430567473547","x.com/bookmarks","",""
"2026-01-13T13:27:16.000Z","2026","2026-01","Art of Life","Art0fLife_","https://x.com/Art0fLife_/status/2011067523827917107","2011067523827917107","x.com/bookmarks","",""
"2026-01-13T16:00:04.000Z","2026","2026-01","Cody Schneider","codyschneiderxx","https://x.com/codyschneiderxx/status/2011105976921813032","2011105976921813032","x.com/bookmarks","",""
"2026-01-13T16:09:17.000Z","2026","2026-01","AI Edge","aiedge_","https://x.com/aiedge_/status/2011108297152082250","2011108297152082250","x.com/bookmarks","",""
"2026-01-13T16:40:27.000Z","2026","2026-01","Scott Adams","ScottAdamsSays","https://x.com/ScottAdamsSays/status/2011116140626657458","2011116140626657458","x.com/bookmarks","",""
"2026-01-13T17:58:58.000Z","2026","2026-01","Reads with Ravi","readswithravi","https://x.com/readswithravi/status/2011135902295474406","2011135902295474406","x.com/bookmarks","",""
"2026-01-14T03:51:33.000Z","2026","2026-01","Justine Moore","venturetwins","https://x.com/venturetwins/status/2011285029541077033","2011285029541077033","x.com/bookmarks","",""
"2026-01-14T09:14:25.000Z","2026","2026-01","Dan","d4m1n","https://x.com/d4m1n/status/2011366281744908469","2011366281744908469","x.com/bookmarks","",""
"2026-01-14T12:12:49.000Z","2026","2026-01","@iruletheworldmo","iruletheworldmo","https://x.com/iruletheworldmo/status/2011411177843085343","2011411177843085343","x.com/bookmarks","",""
"2026-01-14T13:37:05.000Z","2026","2026-01","𝐓𝐔𝐂𝐎𝐖","Tapadibal_","https://x.com/Tapadibal_/status/2011432383560753578","2011432383560753578","x.com/bookmarks","",""
"2026-01-14T15:34:02.000Z","2026","2026-01","GREG ISENBERG","gregisenberg","https://x.com/gregisenberg/status/2011461812890329313","2011461812890329313","x.com/bookmarks","",""
"2026-01-14T16:45:02.000Z","2026","2026-01","DAN KOE","thedankoe","https://x.com/thedankoe/status/2011479682462707821","2011479682462707821","x.com/bookmarks","",""
"2026-01-14T21:58:23.000Z","2026","2026-01","Andrew Yeung","andruyeung","https://x.com/andruyeung/status/2011558540008476852","2011558540008476852","x.com/bookmarks","",""
"2026-01-14T22:37:25.000Z","2026","2026-01","Rizark","Rizark213","https://x.com/Rizark213/status/2011568364905447803","2011568364905447803","x.com/bookmarks","",""
"2026-01-15T05:26:00.000Z","2026","2026-01","Dudes Posting Their W’s","DudespostingWs","https://x.com/DudespostingWs/status/2011671185055191092","2011671185055191092","x.com/bookmarks","",""
"2026-01-15T15:24:20.000Z","2026","2026-01","gaut","0xgaut","https://x.com/0xgaut/status/2011821762850296036","2011821762850296036","x.com/bookmarks","",""
"2026-01-15T17:19:28.000Z","2026","2026-01","God of Prompt","godofprompt","https://x.com/godofprompt/status/2011850737354228039","2011850737354228039","x.com/bookmarks","",""
"2026-01-15T18:58:03.000Z","2026","2026-01","Savannah","SavannahFeder","https://x.com/SavannahFeder/status/2011875544783339868","2011875544783339868","x.com/bookmarks","",""
"2026-01-16T10:38:05.000Z","2026","2026-01","Aporia","0xaporia","https://x.com/0xaporia/status/2012112111330091247","2012112111330091247","x.com/bookmarks","",""
"2026-01-16T12:06:00.000Z","2026","2026-01","naiive","naiivememe","https://x.com/naiivememe/status/2012134236363358447","2012134236363358447","x.com/bookmarks","",""
"2026-01-16T13:33:37.000Z","2026","2026-01","Coach AJ Mental Fitness","coachajkings","https://x.com/coachajkings/status/2012156288277373294","2012156288277373294","x.com/bookmarks","",""
"2026-01-16T14:33:03.000Z","2026","2026-01","GREG ISENBERG","gregisenberg","https://x.com/gregisenberg/status/2012171244666253777","2012171244666253777","x.com/bookmarks","",""
"2026-01-16T19:58:55.000Z","2026","2026-01","Sam Altman","sama","https://x.com/sama/status/2012253252771824074","2012253252771824074","x.com/bookmarks","",""
"2026-01-17T02:41:56.000Z","2026","2026-01","Marc Randolph","marcrandolph","https://x.com/marcrandolph/status/2012354672606974182","2012354672606974182","x.com/bookmarks","",""
"2026-01-17T05:15:20.000Z","2026","2026-01","Aakash Gupta","aakashgupta","https://x.com/aakashgupta/status/2012393275685278080","2012393275685278080","x.com/bookmarks","",""
"2026-01-17T11:56:02.000Z","2026","2026-01","James Shields","scaling_shields","https://x.com/scaling_shields/status/2012494115217473751","2012494115217473751","x.com/bookmarks","",""
"2026-01-17T12:29:00.000Z","2026","2026-01","Enezator","Enezator","https://x.com/Enezator/status/2012502412427509988","2012502412427509988","x.com/bookmarks","",""
"2026-01-17T12:43:13.000Z","2026","2026-01","Daniel Priestley","DanielPriestley","https://x.com/DanielPriestley/status/2012505992580235343","2012505992580235343","x.com/bookmarks","",""
"2026-01-17T17:52:52.000Z","2026","2026-01","Justine Moore","venturetwins","https://x.com/venturetwins/status/2012583915215880584","2012583915215880584","x.com/bookmarks","",""
"2026-01-18T16:29:07.000Z","2026","2026-01","Rohit","rohit4verse","https://x.com/rohit4verse/status/2012925228159295810","2012925228159295810","x.com/bookmarks","",""
"2026-01-18T16:48:52.000Z","2026","2026-01","Markov","MarkovMagnifico","https://x.com/MarkovMagnifico/status/2012930198354764058","2012930198354764058","x.com/bookmarks","",""
"2026-01-18T17:42:51.000Z","2026","2026-01","@levelsio","levelsio","https://x.com/levelsio/status/2012943783424393356","2012943783424393356","x.com/bookmarks","",""
"2026-01-18T18:50:31.000Z","2026","2026-01","GREG ISENBERG","gregisenberg","https://x.com/gregisenberg/status/2012960814701949281","2012960814701949281","x.com/bookmarks","",""
"2026-01-19T03:12:48.000Z","2026","2026-01","Daniel Dalen","danielvandalen","https://x.com/danielvandalen/status/2013087215614898471","2013087215614898471","x.com/bookmarks","",""
"2026-01-19T03:46:00.000Z","2026","2026-01","aditya","adxtyahq","https://x.com/adxtyahq/status/2013095572534653352","2013095572534653352","x.com/bookmarks","",""
"2026-01-19T16:02:38.000Z","2026","2026-01","Ryan Dahl","rough__sea","https://x.com/rough__sea/status/2013280952370573666","2013280952370573666","x.com/bookmarks","",""
"2026-01-19T16:46:43.000Z","2026","2026-01","@levelsio","levelsio","https://x.com/levelsio/status/2013292045939388928","2013292045939388928","x.com/bookmarks","",""
"2026-01-19T19:23:00.000Z","2026","2026-01","aditya","adxtyahq","https://x.com/adxtyahq/status/2013331375571562743","2013331375571562743","x.com/bookmarks","",""
"2026-01-19T20:23:23.000Z","2026","2026-01","@levelsio","levelsio","https://x.com/levelsio/status/2013346569618170147","2013346569618170147","x.com/bookmarks","",""
"2026-01-19T22:49:35.000Z","2026","2026-01","@levelsio","levelsio","https://x.com/levelsio/status/2013383363676045422","2013383363676045422","x.com/bookmarks","",""
"2026-01-20T06:32:14.000Z","2026","2026-01","HackerRank","hackerrank","https://x.com/hackerrank/status/2013499794736763174","2013499794736763174","x.com/bookmarks","",""
"2026-01-20T13:00:20.000Z","2026","2026-01","Big Brain Business","BigBrainBizness","https://x.com/BigBrainBizness/status/2013597462515315142","2013597462515315142","x.com/bookmarks","",""
"2026-01-20T13:44:17.000Z","2026","2026-01","Arman Hezarkhani","ArmanHezarkhani","https://x.com/ArmanHezarkhani/status/2013608521900683765","2013608521900683765","x.com/bookmarks","",""
"2026-01-20T14:25:10.000Z","2026","2026-01","Tyler Denk","denk_tweets","https://x.com/denk_tweets/status/2013618810016690461","2013618810016690461","x.com/bookmarks","",""
"2026-01-20T14:57:35.000Z","2026","2026-01","Remotion","Remotion","https://x.com/Remotion/status/2013626968386765291","2013626968386765291","x.com/bookmarks","",""
"2026-01-20T19:21:02.000Z","2026","2026-01","Wes Roth","WesRoth","https://x.com/WesRoth/status/2013693268190437410","2013693268190437410","x.com/bookmarks","",""
"2026-01-20T21:16:36.000Z","2026","2026-01","Ray","rincidium","https://x.com/rincidium/status/2013722349825036520","2013722349825036520","x.com/bookmarks","",""
"2026-01-21T03:10:05.000Z","2026","2026-01","ₕₐₘₚₜₒₙ","hamptonism","https://x.com/hamptonism/status/2013811309960429835","2013811309960429835","x.com/bookmarks","",""
"2026-01-21T08:45:00.000Z","2026","2026-01","Mario Nawfal","MarioNawfal","https://x.com/MarioNawfal/status/2013895592876089619","2013895592876089619","x.com/bookmarks","",""
"2026-01-21T17:52:26.000Z","2026","2026-01","Talley","__Talley__","https://x.com/__Talley__/status/2014033357630263518","2014033357630263518","x.com/bookmarks","",""
"2026-01-21T18:38:29.000Z","2026","2026-01","Chamath Palihapitiya","chamath","https://x.com/chamath/status/2014044948660887981","2014044948660887981","x.com/bookmarks","",""
"2026-01-21T21:08:51.000Z","2026","2026-01","Starter Story","starter_story","https://x.com/starter_story/status/2014082790174892335","2014082790174892335","x.com/bookmarks","",""
"2026-01-21T22:59:02.000Z","2026","2026-01","Ernesto Lopez","ErnestoSOFTWARE","https://x.com/ErnestoSOFTWARE/status/2014110519913857122","2014110519913857122","x.com/bookmarks","",""
"2026-01-22T03:01:53.000Z","2026","2026-01","Coach Dan Casey","CoachDanCasey","https://x.com/CoachDanCasey/status/2014171632676249811","2014171632676249811","x.com/bookmarks","",""
"2026-01-22T14:32:48.000Z","2026","2026-01","Shane Legg","ShaneLegg","https://x.com/ShaneLegg/status/2014345509675155639","2014345509675155639","x.com/bookmarks","",""
"2026-01-22T17:47:20.000Z","2026","2026-01","Hamza Baig","hamza_automates","https://x.com/hamza_automates/status/2014394462697595361","2014394462697595361","x.com/bookmarks","",""
"2026-01-22T20:35:04.000Z","2026","2026-01","🀅","ecomchigga","https://x.com/ecomchigga/status/2014436675041034587","2014436675041034587","x.com/bookmarks","",""
"2026-01-22T21:39:52.000Z","2026","2026-01","Reads with Ravi","readswithravi","https://x.com/readswithravi/status/2014452984210509870","2014452984210509870","x.com/bookmarks","",""
"2026-01-22T22:04:54.000Z","2026","2026-01","Magnus Müller","mamagnus00","https://x.com/mamagnus00/status/2014459283560358034","2014459283560358034","x.com/bookmarks","",""
"2026-01-23T05:20:05.000Z","2026","2026-01","Aaron Ng","localghost","https://x.com/localghost/status/2014568799824212004","2014568799824212004","x.com/bookmarks","",""
"2026-01-23T19:51:25.000Z","2026","2026-01","Hugging Models","HuggingModels","https://x.com/HuggingModels/status/2014788077924040729","2014788077924040729","x.com/bookmarks","",""
"2026-01-24T05:33:08.000Z","2026","2026-01","Tech Friend AJ","techfrenAJ","https://x.com/techfrenAJ/status/2014934471095812547","2014934471095812547","x.com/bookmarks","",""
"2026-01-24T16:53:25.000Z","2026","2026-01","Damian Player","damianplayer","https://x.com/damianplayer/status/2015105669620269373","2015105669620269373","x.com/bookmarks","",""
"2026-01-24T19:18:20.000Z","2026","2026-01","Dan Peguine ⌐◨-◨","danpeguine","https://x.com/danpeguine/status/2015142139143897160","2015142139143897160","x.com/bookmarks","",""
"2026-01-24T21:58:38.000Z","2026","2026-01","Alex Finn","AlexFinn","https://x.com/AlexFinn/status/2015182480064893118","2015182480064893118","x.com/bookmarks","",""
"2026-01-24T23:14:31.000Z","2026","2026-01","Brave","brave","https://x.com/brave/status/2015201576130957365","2015201576130957365","x.com/bookmarks","",""
"2026-01-25T02:37:07.000Z","2026","2026-01","Stuart Blitz","StuartBlitz","https://x.com/StuartBlitz/status/2015252565999407199","2015252565999407199","x.com/bookmarks","",""
"2026-01-25T03:32:39.000Z","2026","2026-01","Peter Steinberger","steipete","https://x.com/steipete/status/2015266538371125727","2015266538371125727","x.com/bookmarks","",""
"2026-01-25T07:34:01.000Z","2026","2026-01","Shruti","heyshrutimishra","https://x.com/heyshrutimishra/status/2015327280911073789","2015327280911073789","x.com/bookmarks","",""
"2026-01-25T08:51:20.000Z","2026","2026-01","Robert Scoble","Scobleizer","https://x.com/Scobleizer/status/2015346738517942628","2015346738517942628","x.com/bookmarks","",""
"2026-01-25T12:46:06.000Z","2026","2026-01","David Mattin","DMattin","https://x.com/DMattin/status/2015405818586279993","2015405818586279993","x.com/bookmarks","",""
"2026-01-25T13:03:16.000Z","2026","2026-01","Burak Eregar","burakeregar","https://x.com/burakeregar/status/2015410141751922872","2015410141751922872","x.com/bookmarks","",""
"2026-01-25T13:25:29.000Z","2026","2026-01","Corey Ganim","coreyganim","https://x.com/coreyganim/status/2015415731622486254","2015415731622486254","x.com/bookmarks","",""
"2026-01-25T13:28:37.000Z","2026","2026-01","Ivaavi.eth","ivaavimusic","https://x.com/ivaavimusic/status/2015416518960624047","2015416518960624047","x.com/bookmarks","",""
"2026-01-25T16:10:22.000Z","2026","2026-01","Min Choi","minchoi","https://x.com/minchoi/status/2015457223372087467","2015457223372087467","x.com/bookmarks","",""
"2026-01-25T16:33:07.000Z","2026","2026-01","GREG ISENBERG","gregisenberg","https://x.com/gregisenberg/status/2015462950367101430","2015462950367101430","x.com/bookmarks","",""
"2026-01-25T16:35:40.000Z","2026","2026-01","nader dabit","dabit3","https://x.com/dabit3/status/2015463591084703815","2015463591084703815","x.com/bookmarks","",""
"2026-01-25T16:51:49.000Z","2026","2026-01","GREG ISENBERG","gregisenberg","https://x.com/gregisenberg/status/2015467654463496423","2015467654463496423","x.com/bookmarks","",""
"2026-01-25T17:27:15.000Z","2026","2026-01","Ethan Woo","EthanWoo","https://x.com/EthanWoo/status/2015476571914572264","2015476571914572264","x.com/bookmarks","",""
"2026-01-25T18:22:45.000Z","2026","2026-01","God of Prompt","godofprompt","https://x.com/godofprompt/status/2015490539953721640","2015490539953721640","x.com/bookmarks","",""
"2026-01-25T19:46:04.000Z","2026","2026-01","Morgan","morganlinton","https://x.com/morganlinton/status/2015511509464658409","2015511509464658409","x.com/bookmarks","",""
"2026-01-25T19:47:00.000Z","2026","2026-01","Elorm Daniel","elormkdaniel","https://x.com/elormkdaniel/status/2015511743309689250","2015511743309689250","x.com/bookmarks","",""
"2026-01-25T20:03:37.000Z","2026","2026-01","Allie Howe","vtahowe","https://x.com/vtahowe/status/2015515922279387330","2015515922279387330","x.com/bookmarks","",""
"2026-01-25T23:10:21.000Z","2026","2026-01","0xSammy","0xSammy","https://x.com/0xSammy/status/2015562918151020593","2015562918151020593","x.com/bookmarks","",""
"2026-01-26T00:34:23.000Z","2026","2026-01","Zara Zhang","zarazhangrui","https://x.com/zarazhangrui/status/2015584063051231436","2015584063051231436","x.com/bookmarks","",""
"2026-01-26T00:46:41.000Z","2026","2026-01","Robert Youssef","rryssf_","https://x.com/rryssf_/status/2015587158468300948","2015587158468300948","x.com/bookmarks","",""
"2026-01-26T01:13:00.000Z","2026","2026-01","RTSG News","RTSG_News","https://x.com/RTSG_News/status/2015593782033453402","2015593782033453402","x.com/bookmarks","",""
"2026-01-26T02:49:23.000Z","2026","2026-01","Olivia Moore","omooretweets","https://x.com/omooretweets/status/2015618038088024164","2015618038088024164","x.com/bookmarks","",""
"2026-01-26T05:16:08.000Z","2026","2026-01","Alex Scott","afscott","https://x.com/afscott/status/2015654968733397193","2015654968733397193","x.com/bookmarks","",""
"2026-01-26T05:29:12.000Z","2026","2026-01","Naval","naval","https://x.com/naval/status/2015658260007920095","2015658260007920095","x.com/bookmarks","",""
"2026-01-26T07:29:23.000Z","2026","2026-01","Tuki","TukiFromKL","https://x.com/TukiFromKL/status/2015688502935978395","2015688502935978395","x.com/bookmarks","",""
"2026-01-26T12:02:06.000Z","2026","2026-01","Rob | Bitsaga.be","BitsagaRob","https://x.com/BitsagaRob/status/2015757134760202469","2015757134760202469","x.com/bookmarks","",""
"2026-01-26T13:35:32.000Z","2026","2026-01","Manthan Gupta","manthanguptaa","https://x.com/manthanguptaa/status/2015780646770323543","2015780646770323543","x.com/bookmarks","",""
"2026-01-26T15:56:15.000Z","2026","2026-01","Peter Steinberger","steipete","https://x.com/steipete/status/2015816059832390137","2015816059832390137","x.com/bookmarks","",""
"2026-01-26T16:46:36.000Z","2026","2026-01","Itamar Golan","ItakGol","https://x.com/ItakGol/status/2015828732217274656","2015828732217274656","x.com/bookmarks","",""
"2026-01-26T17:03:45.000Z","2026","2026-01","Dario Amodei","DarioAmodei","https://x.com/DarioAmodei/status/2015833046327402527","2015833046327402527","x.com/bookmarks","",""
"2026-01-26T17:53:34.000Z","2026","2026-01","Idea Browser","ideabrowser","https://x.com/ideabrowser/status/2015845585866391622","2015845585866391622","x.com/bookmarks","",""
"2026-01-26T18:11:45.000Z","2026","2026-01","Mr. Buzzoni","polydao","https://x.com/polydao/status/2015850159310078324","2015850159310078324","x.com/bookmarks","",""
"2026-01-26T18:18:12.000Z","2026","2026-01","Claude","claudeai","https://x.com/claudeai/status/2015851783655194640","2015851783655194640","x.com/bookmarks","",""
"2026-01-26T19:01:02.000Z","2026","2026-01","Ash Arora","asharoraa","https://x.com/asharoraa/status/2015862562446049685","2015862562446049685","x.com/bookmarks","",""
"2026-01-26T19:32:28.000Z","2026","2026-01","anita","anitakirkovska","https://x.com/anitakirkovska/status/2015870473750642696","2015870473750642696","x.com/bookmarks","",""
"2026-01-26T19:38:18.000Z","2026","2026-01","Idea Browser","ideabrowser","https://x.com/ideabrowser/status/2015871941958070545","2015871941958070545","x.com/bookmarks","",""
"2026-01-26T22:34:15.000Z","2026","2026-01","BowTiedMystic","BowTied_Mystic","https://x.com/BowTied_Mystic/status/2015916220545921165","2015916220545921165","x.com/bookmarks","",""
"2026-01-26T23:10:51.000Z","2026","2026-01","Samy Kacimi","fakenine_","https://x.com/fakenine_/status/2015925432718155860","2015925432718155860","x.com/bookmarks","",""
"2026-01-27T01:07:11.000Z","2026","2026-01","Peter Steinberger","steipete","https://x.com/steipete/status/2015954706883846540","2015954706883846540","x.com/bookmarks","",""
"2026-01-27T01:59:12.000Z","2026","2026-01","pixel","spacepixel","https://x.com/spacepixel/status/2015967798636556777","2015967798636556777","x.com/bookmarks","",""
"2026-01-27T02:32:04.000Z","2026","2026-01","Alex Finn","AlexFinn","https://x.com/AlexFinn/status/2015976067320922155","2015976067320922155","x.com/bookmarks","",""
"2026-01-27T04:32:54.000Z","2026","2026-01","Min Choi","minchoi","https://x.com/minchoi/status/2016006476070817968","2016006476070817968","x.com/bookmarks","",""
"2026-01-27T05:14:42.000Z","2026","2026-01","Miles Deutscher","milesdeutscher","https://x.com/milesdeutscher/status/2016016997507862648","2016016997507862648","x.com/bookmarks","",""
"2026-01-27T06:46:51.000Z","2026","2026-01","Mischa van den Burg","mischavdburg","https://x.com/mischavdburg/status/2016040188405842141","2016040188405842141","x.com/bookmarks","",""
"2026-01-27T06:56:09.000Z","2026","2026-01","Param","Param_eth","https://x.com/Param_eth/status/2016042529230356987","2016042529230356987","x.com/bookmarks","",""
"2026-01-27T11:36:08.000Z","2026","2026-01","Peter Steinberger","steipete","https://x.com/steipete/status/2016112986415309290","2016112986415309290","x.com/bookmarks","",""
"2026-01-27T15:11:37.000Z","2026","2026-01","may.crypto {}","xmayeth","https://x.com/xmayeth/status/2016167214487839133","2016167214487839133","x.com/bookmarks","",""
"2026-01-27T17:22:51.000Z","2026","2026-01","DAN KOE","thedankoe","https://x.com/thedankoe/status/2016200242690195509","2016200242690195509","x.com/bookmarks","",""
"2026-01-27T18:11:21.000Z","2026","2026-01","Alex Finn","AlexFinn","https://x.com/AlexFinn/status/2016212448148389980","2016212448148389980","x.com/bookmarks","",""
"2026-01-27T18:49:28.000Z","2026","2026-01","Hugo Mercier","hugomercierooo","https://x.com/hugomercierooo/status/2016222038248083857","2016222038248083857","x.com/bookmarks","",""
"2026-01-28T02:01:07.000Z","2026","2026-01","Fortune MMXM","FortuneMMXM","https://x.com/FortuneMMXM/status/2016330668846813327","2016330668846813327","x.com/bookmarks","",""
"2026-01-28T02:50:48.000Z","2026","2026-01","Naval","naval","https://x.com/naval/status/2016343169651409407","2016343169651409407","x.com/bookmarks","",""
"2026-01-28T11:54:52.000Z","2026","2026-01","God of Prompt","godofprompt","https://x.com/godofprompt/status/2016480088095879567","2016480088095879567","x.com/bookmarks","",""
"2026-01-28T14:30:08.000Z","2026","2026-01","Peter Yang","petergyang","https://x.com/petergyang/status/2016519165822312619","2016519165822312619","x.com/bookmarks","",""
"2026-01-28T14:35:37.000Z","2026","2026-01","Ryan Carson","ryancarson","https://x.com/ryancarson/status/2016520542723924279","2016520542723924279","x.com/bookmarks","",""
"2026-01-28T15:25:06.000Z","2026","2026-01","Nikunj Kothari","nikunj","https://x.com/nikunj/status/2016532998544560376","2016532998544560376","x.com/bookmarks","",""
"2026-01-28T16:34:33.000Z","2026","2026-01","Alex Finn","AlexFinn","https://x.com/AlexFinn/status/2016550475718664522","2016550475718664522","x.com/bookmarks","",""
"2026-01-28T19:27:34.000Z","2026","2026-01","Nicholas Fabiano, MD","NTFabiano","https://x.com/NTFabiano/status/2016594013810250135","2016594013810250135","x.com/bookmarks","",""
"2026-01-28T21:43:28.000Z","2026","2026-01","George Pickett","georgepickett","https://x.com/georgepickett/status/2016628217260757105","2016628217260757105","x.com/bookmarks","",""
"2026-01-28T22:40:25.000Z","2026","2026-01","yanni","YanniTrades","https://x.com/YanniTrades/status/2016642550044713279","2016642550044713279","x.com/bookmarks","",""
"2026-01-29T03:20:08.000Z","2026","2026-01","ℏεsam","Hesamation","https://x.com/Hesamation/status/2016712942545240203","2016712942545240203","x.com/bookmarks","",""
"2026-01-29T04:55:52.000Z","2026","2026-01","Matt Schlicht","MattPRD","https://x.com/MattPRD/status/2016737034908664175","2016737034908664175","x.com/bookmarks","",""
"2026-01-29T06:51:02.000Z","2026","2026-01","Robert Scoble","Scobleizer","https://x.com/Scobleizer/status/2016766016349753662","2016766016349753662","x.com/bookmarks","",""
"2026-01-29T08:31:37.000Z","2026","2026-01","Kimi Product","KimiProduct","https://x.com/KimiProduct/status/2016791330022973892","2016791330022973892","x.com/bookmarks","",""
"2026-01-29T13:18:53.000Z","2026","2026-01","Peter Steinberger","steipete","https://x.com/steipete/status/2016863619829383324","2016863619829383324","x.com/bookmarks","",""
"2026-01-29T13:25:23.000Z","2026","2026-01","@jason","Jason","https://x.com/Jason/status/2016865256723657107","2016865256723657107","x.com/bookmarks","",""
"2026-01-29T13:59:12.000Z","2026","2026-01","Legendary","Legendaryy","https://x.com/Legendaryy/status/2016873766362464472","2016873766362464472","x.com/bookmarks","",""
"2026-01-29T14:12:28.000Z","2026","2026-01","Kekius Maximus","Kekius_Sage","https://x.com/Kekius_Sage/status/2016877106345758787","2016877106345758787","x.com/bookmarks","",""
"2026-01-29T14:36:53.000Z","2026","2026-01","Guri Singh","heygurisingh","https://x.com/heygurisingh/status/2016883251244363828","2016883251244363828","x.com/bookmarks","",""
"2026-01-29T16:16:05.000Z","2026","2026-01","ℏεsam","Hesamation","https://x.com/Hesamation/status/2016908213644365947","2016908213644365947","x.com/bookmarks","",""
"2026-01-29T18:35:26.000Z","2026","2026-01","Trenton Hughes","trentjhughes","https://x.com/trentjhughes/status/2016943282664984995","2016943282664984995","x.com/bookmarks","",""
"2026-01-30T00:54:00.000Z","2026","2026-01","ℏεsam","Hesamation","https://x.com/Hesamation/status/2017038553058857413","2017038553058857413","x.com/bookmarks","",""
"2026-01-30T01:19:03.000Z","2026","2026-01","Alex Prompter","alex_prompter","https://x.com/alex_prompter/status/2017044857764688132","2017044857764688132","x.com/bookmarks","",""
"2026-01-30T13:05:58.000Z","2026","2026-01","Ricardo","Ric_RTP","https://x.com/Ric_RTP/status/2017222759785390232","2017222759785390232","x.com/bookmarks","",""
"2026-01-30T15:02:05.000Z","2026","2026-01","Ben Tossell","bentossell","https://x.com/bentossell/status/2017251981685879152","2017251981685879152","x.com/bookmarks","",""
"2026-01-30T15:37:52.000Z","2026","2026-01","Damian Player","damianplayer","https://x.com/damianplayer/status/2017260983446536379","2017260983446536379","x.com/bookmarks","",""
"2026-01-30T16:12:40.000Z","2026","2026-01","AI Edge","aiedge_","https://x.com/aiedge_/status/2017269741564604659","2017269741564604659","x.com/bookmarks","",""
"2026-01-30T18:12:30.000Z","2026","2026-01","gaut","0xgaut","https://x.com/0xgaut/status/2017299901781041257","2017299901781041257","x.com/bookmarks","",""
"2026-01-30T18:36:44.000Z","2026","2026-01","Alex Finn","AlexFinn","https://x.com/AlexFinn/status/2017305997212323887","2017305997212323887","x.com/bookmarks","",""
"2026-01-30T19:13:09.000Z","2026","2026-01","am.will","LLMJunky","https://x.com/LLMJunky/status/2017315164689686938","2017315164689686938","x.com/bookmarks","",""
"2026-01-30T20:08:01.000Z","2026","2026-01","cocktail peanut","cocktailpeanut","https://x.com/cocktailpeanut/status/2017328971327607263","2017328971327607263","x.com/bookmarks","",""
"2026-01-30T20:44:59.000Z","2026","2026-01","Ira Bodnar","irabukht","https://x.com/irabukht/status/2017338273916719355","2017338273916719355","x.com/bookmarks","",""
"2026-01-31T02:15:49.000Z","2026","2026-01","HustleBitch","HustleBitch_","https://x.com/HustleBitch_/status/2017421532109197653","2017421532109197653","x.com/bookmarks","",""
"2026-01-31T04:14:30.000Z","2026","2026-01","Goutham Jay","gouthamjay8","https://x.com/gouthamjay8/status/2017451400087916724","2017451400087916724","x.com/bookmarks","",""
"2026-01-31T07:07:52.000Z","2026","2026-01","Bhanu Teja P","pbteja1998","https://x.com/pbteja1998/status/2017495026230775832","2017495026230775832","x.com/bookmarks","",""
"2026-01-31T12:08:14.000Z","2026","2026-01","Jaynit","jaynitx","https://x.com/jaynitx/status/2017570618561151166","2017570618561151166","x.com/bookmarks","",""
"2026-01-31T15:58:06.000Z","2026","2026-01","OpenClaw","openclaw","https://x.com/openclaw/status/2017628464933753067","2017628464933753067","x.com/bookmarks","",""
"2026-01-31T17:24:38.000Z","2026","2026-01","Bill D'Alessandro","BillDA","https://x.com/BillDA/status/2017650241101598872","2017650241101598872","x.com/bookmarks","",""
"2026-01-31T18:04:00.000Z","2026","2026-01","Benjamin De Kraker","BenjaminDEKR","https://x.com/BenjaminDEKR/status/2017660150463582282","2017660150463582282","x.com/bookmarks","",""
"2026-01-31T18:37:36.000Z","2026","2026-01","Sahil Bloom","SahilBloom","https://x.com/SahilBloom/status/2017668605140152557","2017668605140152557","x.com/bookmarks","",""
"2026-01-31T23:32:12.000Z","2026","2026-01","Boris Cherny","bcherny","https://x.com/bcherny/status/2017742741636321619","2017742741636321619","x.com/bookmarks","",""
"2026-02-01T05:10:00.000Z","2026","2026-02","shirish","shiri_shh","https://x.com/shiri_shh/status/2017827752125288960","2017827752125288960","x.com/bookmarks","",""
"2026-02-01T09:09:09.000Z","2026","2026-02","Caesar | Make Money Online","CaesarMakeMoney","https://x.com/CaesarMakeMoney/status/2017887939561214249","2017887939561214249","x.com/bookmarks","",""
"2026-02-01T09:28:16.000Z","2026","2026-02","pixel","spacepixel","https://x.com/spacepixel/status/2017892748737818756","2017892748737818756","x.com/bookmarks","",""
"2026-02-01T09:57:10.000Z","2026","2026-02","Aryan Siddiqui","Ar_boian","https://x.com/Ar_boian/status/2017900020226511051","2017900020226511051","x.com/bookmarks","",""
"2026-02-01T11:15:00.000Z","2026","2026-02","Kalash","kalashvasaniya","https://x.com/kalashvasaniya/status/2017919607508812044","2017919607508812044","x.com/bookmarks","",""
"2026-02-01T12:00:40.000Z","2026","2026-02","Lior Alexander","LiorOnAI","https://x.com/LiorOnAI/status/2017931100555718834","2017931100555718834","x.com/bookmarks","",""
"2026-02-01T13:27:23.000Z","2026","2026-02","Art of Life","Art0fLife_","https://x.com/Art0fLife_/status/2017952924085768533","2017952924085768533","x.com/bookmarks","",""
"2026-02-01T13:42:44.000Z","2026","2026-02","Afiz","itsafiz","https://x.com/itsafiz/status/2017956785567531434","2017956785567531434","x.com/bookmarks","",""
"2026-02-01T13:49:19.000Z","2026","2026-02","The Boring Marketer","boringmarketer","https://x.com/boringmarketer/status/2017958442049138697","2017958442049138697","x.com/bookmarks","",""
"2026-02-01T15:12:47.000Z","2026","2026-02","Robert Youssef","rryssf_","https://x.com/rryssf_/status/2017979448167919796","2017979448167919796","x.com/bookmarks","",""
"2026-02-01T15:53:00.000Z","2026","2026-02","Allie","allie__voss","https://x.com/allie__voss/status/2017989568792867065","2017989568792867065","x.com/bookmarks","",""
"2026-02-01T18:42:47.000Z","2026","2026-02","Peter Steinberger","steipete","https://x.com/steipete/status/2018032296343781706","2018032296343781706","x.com/bookmarks","",""
"2026-02-02T07:28:13.000Z","2026","2026-02","dharmesh","dharmesh","https://x.com/dharmesh/status/2018224922582032649","2018224922582032649","x.com/bookmarks","",""
"2026-02-02T09:03:30.000Z","2026","2026-02","Julian Goldie SEO","JulianGoldieSEO","https://x.com/JulianGoldieSEO/status/2018248904702300520","2018248904702300520","x.com/bookmarks","",""
"2026-02-02T10:55:39.000Z","2026","2026-02","Rohan Paul","rohanpaul_ai","https://x.com/rohanpaul_ai/status/2018277125443477861","2018277125443477861","x.com/bookmarks","",""
"2026-02-02T11:37:53.000Z","2026","2026-02","Basit A. Khan","basit_designs","https://x.com/basit_designs/status/2018287757076869566","2018287757076869566","x.com/bookmarks","",""
"2026-02-02T12:00:00.000Z","2026","2026-02","OpenClaw","openclaw","https://x.com/openclaw/status/2018293323199635545","2018293323199635545","x.com/bookmarks","",""
"2026-02-02T12:40:56.000Z","2026","2026-02","Wes McKinney","wesmckinn","https://x.com/wesmckinn/status/2018303622145065455","2018303622145065455","x.com/bookmarks","",""
"2026-02-02T14:14:32.000Z","2026","2026-02","Christopher ODonnell","markitecht","https://x.com/markitecht/status/2018327176508997948","2018327176508997948","x.com/bookmarks","",""
"2026-02-02T14:56:00.000Z","2026","2026-02","Alton Syn","WorkflowWhisper","https://x.com/WorkflowWhisper/status/2018337612008657223","2018337612008657223","x.com/bookmarks","",""
"2026-02-02T15:41:00.000Z","2026","2026-02","Tom","tomcrawshaw01","https://x.com/tomcrawshaw01/status/2018348937208627380","2018348937208627380","x.com/bookmarks","",""
"2026-02-02T17:01:22.000Z","2026","2026-02","AA","measure_plan","https://x.com/measure_plan/status/2018369164428140602","2018369164428140602","x.com/bookmarks","",""
"2026-02-02T17:17:11.000Z","2026","2026-02","Jason Shuman","JasonrShuman","https://x.com/JasonrShuman/status/2018373141781741756","2018373141781741756","x.com/bookmarks","",""
"2026-02-02T20:05:21.000Z","2026","2026-02","Matt Van Horn","mvanhorn","https://x.com/mvanhorn/status/2018415463026589822","2018415463026589822","x.com/bookmarks","",""
"2026-02-02T21:27:09.000Z","2026","2026-02","Alex","AlexanderTw33ts","https://x.com/AlexanderTw33ts/status/2018436050935292276","2018436050935292276","x.com/bookmarks","",""
"2026-02-02T21:33:29.000Z","2026","2026-02","Savio","saviomartin7","https://x.com/saviomartin7/status/2018437642820731148","2018437642820731148","x.com/bookmarks","",""
"2026-02-02T22:14:37.000Z","2026","2026-02","Racem Flazi","Racem","https://x.com/Racem/status/2018447996078473371","2018447996078473371","x.com/bookmarks","",""
"2026-02-02T22:22:54.000Z","2026","2026-02","nick vasilescu","nickvasiles","https://x.com/nickvasiles/status/2018450077019513159","2018450077019513159","x.com/bookmarks","",""
"2026-02-03T05:00:18.000Z","2026","2026-02","Nick St. Pierre","nickfloats","https://x.com/nickfloats/status/2018550088109269381","2018550088109269381","x.com/bookmarks","",""
"2026-02-03T07:37:19.000Z","2026","2026-02","Julian Goldie SEO","JulianGoldieSEO","https://x.com/JulianGoldieSEO/status/2018589601594851705","2018589601594851705","x.com/bookmarks","",""
"2026-02-03T14:56:43.000Z","2026","2026-02","Ben Lang","benln","https://x.com/benln/status/2018700180082581964","2018700180082581964","x.com/bookmarks","",""
"2026-02-03T15:36:00.000Z","2026","2026-02","Josh Pigford","Shpigford","https://x.com/Shpigford/status/2018710065239269785","2018710065239269785","x.com/bookmarks","",""
"2026-02-03T17:00:32.000Z","2026","2026-02","KJ Dhaliwal","kjdhaliwal","https://x.com/kjdhaliwal/status/2018731342113247533","2018731342113247533","x.com/bookmarks","",""
"2026-02-03T17:01:03.000Z","2026","2026-02","Hasan Toor","hasantoxr","https://x.com/hasantoxr/status/2018731470282764319","2018731470282764319","x.com/bookmarks","",""
"2026-02-03T17:08:48.000Z","2026","2026-02","Drew Fallon","drewfallon12","https://x.com/drewfallon12/status/2018733421200134225","2018733421200134225","x.com/bookmarks","",""
"2026-02-03T19:13:19.000Z","2026","2026-02","Founder Mode","Founder_Mode_","https://x.com/Founder_Mode_/status/2018764756283179506","2018764756283179506","x.com/bookmarks","",""
"2026-02-03T19:24:12.000Z","2026","2026-02","Andrey","Andrey__HQ","https://x.com/Andrey__HQ/status/2018767494178349484","2018767494178349484","x.com/bookmarks","",""
"2026-02-03T19:27:01.000Z","2026","2026-02","Machina","EXM7777","https://x.com/EXM7777/status/2018768205423255829","2018768205423255829","x.com/bookmarks","",""
"2026-02-03T19:30:05.000Z","2026","2026-02","Miles Deutscher","milesdeutscher","https://x.com/milesdeutscher/status/2018768974872449100","2018768974872449100","x.com/bookmarks","",""
"2026-02-03T19:56:01.000Z","2026","2026-02","Andreas Steno Larsen","AndreasSteno","https://x.com/AndreasSteno/status/2018775502639796313","2018775502639796313","x.com/bookmarks","",""
"2026-02-03T21:17:03.000Z","2026","2026-02","NuScienta","NuScienta","https://x.com/NuScienta/status/2018795893718184285","2018795893718184285","x.com/bookmarks","",""
"2026-02-03T21:36:36.000Z","2026","2026-02","Andy Berman","berman66","https://x.com/berman66/status/2018800817248055531","2018800817248055531","x.com/bookmarks","",""
"2026-02-04T03:28:16.000Z","2026","2026-02","Allan Guo","_allanguo","https://x.com/_allanguo/status/2018889315812880797","2018889315812880797","x.com/bookmarks","",""
"2026-02-04T06:34:08.000Z","2026","2026-02","Aakash Gupta","aakashgupta","https://x.com/aakashgupta/status/2018936091232067921","2018936091232067921","x.com/bookmarks","",""
"2026-02-05T14:57:19.000Z","2026","2026-02","Brew Markets","brewmarkets","https://x.com/brewmarkets/status/2019425107333320893","2019425107333320893","x.com/bookmarks","",""
"2026-02-05T18:00:32.000Z","2026","2026-02","Nav Toor","heynavtoor","https://x.com/heynavtoor/status/2019471217674317914","2019471217674317914","x.com/bookmarks","",""
"2026-02-05T19:36:00.000Z","2026","2026-02","atlas","bestplayeratlas","https://x.com/bestplayeratlas/status/2019495239728451629","2019495239728451629","x.com/bookmarks","",""
"2026-02-05T23:03:00.000Z","2026","2026-02","TBPN","tbpn","https://x.com/tbpn/status/2019547333298647093","2019547333298647093","x.com/bookmarks","",""
"2026-02-06T09:11:30.000Z","2026","2026-02","Alex Prompter","alex_prompter","https://x.com/alex_prompter/status/2019700467811664314","2019700467811664314","x.com/bookmarks","",""
"2026-02-06T11:57:18.000Z","2026","2026-02","kanav","kanavtwt","https://x.com/kanavtwt/status/2019742191233438206","2019742191233438206","x.com/bookmarks","",""
"2026-02-06T14:22:09.000Z","2026","2026-02","Tom","tomcrawshaw01","https://x.com/tomcrawshaw01/status/2019778646043758957","2019778646043758957","x.com/bookmarks","",""
"2026-02-06T23:23:05.000Z","2026","2026-02","Vox","Voxyz_ai","https://x.com/Voxyz_ai/status/2019914775061270747","2019914775061270747","x.com/bookmarks","",""
"2026-02-07T03:45:42.000Z","2026","2026-02","Kyriakos Eleftheriou","kyriakosel","https://x.com/kyriakosel/status/2019980867683422318","2019980867683422318","x.com/bookmarks","",""
"2026-02-07T06:43:10.000Z","2026","2026-02","Thomas Roccia","fr0gger_","https://x.com/fr0gger_/status/2020025525784514671","2020025525784514671","x.com/bookmarks","",""
"2026-02-07T07:20:30.000Z","2026","2026-02","Marshall Richards","marshallrichrds","https://x.com/marshallrichrds/status/2020034922304426237","2020034922304426237","x.com/bookmarks","",""
"2026-02-07T08:53:13.000Z","2026","2026-02","klöss","kloss_xyz","https://x.com/kloss_xyz/status/2020058254328684938","2020058254328684938","x.com/bookmarks","",""
"2026-02-07T14:14:35.000Z","2026","2026-02","Dr. Alex Wissner-Gross","alexwg","https://x.com/alexwg/status/2020139129460134216","2020139129460134216","x.com/bookmarks","",""
"2026-02-07T15:19:51.000Z","2026","2026-02","Mayank Vora","aiwithmayank","https://x.com/aiwithmayank/status/2020155554547847601","2020155554547847601","x.com/bookmarks","",""
"2026-02-07T15:33:20.000Z","2026","2026-02","Nozz","NoahEpstein_","https://x.com/NoahEpstein_/status/2020158945516462472","2020158945516462472","x.com/bookmarks","",""
"2026-02-07T16:49:28.000Z","2026","2026-02","Alex Finn","AlexFinn","https://x.com/AlexFinn/status/2020178105579737440","2020178105579737440","x.com/bookmarks","",""
"2026-02-07T20:06:02.000Z","2026","2026-02","Miles Deutscher","milesdeutscher","https://x.com/milesdeutscher/status/2020227573129809931","2020227573129809931","x.com/bookmarks","",""
"2026-02-07T23:19:08.000Z","2026","2026-02","Moon Dev","MoonDevOnYT","https://x.com/MoonDevOnYT/status/2020276169669738630","2020276169669738630","x.com/bookmarks","",""
"2026-02-08T00:52:08.000Z","2026","2026-02","@jason","Jason","https://x.com/Jason/status/2020299573445681282","2020299573445681282","x.com/bookmarks","",""
"2026-02-08T03:49:39.000Z","2026","2026-02","am.will","LLMJunky","https://x.com/LLMJunky/status/2020344249254891685","2020344249254891685","x.com/bookmarks","",""
"2026-02-08T13:20:32.000Z","2026","2026-02","Paweł Huryn","PawelHuryn","https://x.com/PawelHuryn/status/2020487917152383142","2020487917152383142","x.com/bookmarks","",""
"2026-02-08T15:38:27.000Z","2026","2026-02","hoeem","hooeem","https://x.com/hooeem/status/2020522623134822537","2020522623134822537","x.com/bookmarks","",""
"2026-02-08T16:01:44.000Z","2026","2026-02","Oliver Prompts","oliviscusAI","https://x.com/oliviscusAI/status/2020528481717625130","2020528481717625130","x.com/bookmarks","",""
"2026-02-08T18:36:43.000Z","2026","2026-02","Alex Finn","AlexFinn","https://x.com/AlexFinn/status/2020567487180579086","2020567487180579086","x.com/bookmarks","",""
"2026-02-08T18:52:28.000Z","2026","2026-02","Gergely Orosz","GergelyOrosz","https://x.com/GergelyOrosz/status/2020571450369826896","2020571450369826896","x.com/bookmarks","",""
"2026-02-08T19:44:10.000Z","2026","2026-02","Shayan","ImSh4yy","https://x.com/ImSh4yy/status/2020584459482153376","2020584459482153376","x.com/bookmarks","",""
"2026-02-08T20:43:04.000Z","2026","2026-02","The Figen","TheFigen_","https://x.com/TheFigen_/status/2020599282856796598","2020599282856796598","x.com/bookmarks","",""
"2026-02-09T04:00:00.000Z","2026","2026-02","shirish","shiri_shh","https://x.com/shiri_shh/status/2020709241703580101","2020709241703580101","x.com/bookmarks","",""
"2026-02-09T05:18:14.000Z","2026","2026-02","padphone","lepadphone","https://x.com/lepadphone/status/2020728930278531232","2020728930278531232","x.com/bookmarks","",""
"2026-02-09T09:33:58.000Z","2026","2026-02","Brady Long","thisguyknowsai","https://x.com/thisguyknowsai/status/2020793287557386417","2020793287557386417","x.com/bookmarks","",""
"2026-02-09T10:46:16.000Z","2026","2026-02","Alex Prompter","alex_prompter","https://x.com/alex_prompter/status/2020811478979563815","2020811478979563815","x.com/bookmarks","",""
"2026-02-09T11:44:21.000Z","2026","2026-02","Andrew Jefferson","EastlondonDev","https://x.com/EastlondonDev/status/2020826097890242582","2020826097890242582","x.com/bookmarks","",""
"2026-02-09T12:54:59.000Z","2026","2026-02","Simon Høiberg","SimonHoiberg","https://x.com/SimonHoiberg/status/2020843874382487959","2020843874382487959","x.com/bookmarks","",""
"2026-02-09T14:14:28.000Z","2026","2026-02","Chetaslua","chetaslua","https://x.com/chetaslua/status/2020863877068603661","2020863877068603661","x.com/bookmarks","",""
"2026-02-09T18:57:32.000Z","2026","2026-02","Science girl","sciencegirl","https://x.com/sciencegirl/status/2020935112549072971","2020935112549072971","x.com/bookmarks","",""
"2026-02-09T19:26:20.000Z","2026","2026-02","Luke Alexander","Lukealexxander","https://x.com/Lukealexxander/status/2020942361321406762","2020942361321406762","x.com/bookmarks","",""
"2026-02-09T20:10:00.000Z","2026","2026-02","Harry Stebbings","HarryStebbings","https://x.com/HarryStebbings/status/2020953348485026087","2020953348485026087","x.com/bookmarks","",""
"2026-02-10T00:29:03.000Z","2026","2026-02","This Week in Startups","twistartups","https://x.com/twistartups/status/2021018540648825181","2021018540648825181","x.com/bookmarks","",""
"2026-02-10T02:31:55.000Z","2026","2026-02","Frank","frankdegods","https://x.com/frankdegods/status/2021049459656822933","2021049459656822933","x.com/bookmarks","",""
"2026-02-10T15:14:33.000Z","2026","2026-02","Obsidian","obsdmd","https://x.com/obsdmd/status/2021241384057930224","2021241384057930224","x.com/bookmarks","",""
"2026-02-10T19:03:00.000Z","2026","2026-02","Rian Doris","RianSweetDoris","https://x.com/RianSweetDoris/status/2021298875319894309","2021298875319894309","x.com/bookmarks","",""
"2026-02-11T00:22:19.000Z","2026","2026-02","tic toc","TicTocTick","https://x.com/TicTocTick/status/2021379232375451815","2021379232375451815","x.com/bookmarks","",""
"2026-02-11T05:44:08.000Z","2026","2026-02","Leaders 𝕏 Junction","LeadersJunction","https://x.com/LeadersJunction/status/2021460220011229411","2021460220011229411","x.com/bookmarks","",""
"2026-02-11T15:39:27.000Z","2026","2026-02","witcheer ☯︎","witcheer","https://x.com/witcheer/status/2021610036980543767","2021610036980543767","x.com/bookmarks","",""
"2026-02-11T16:05:37.000Z","2026","2026-02","Sam Blond","samdblond","https://x.com/samdblond/status/2021616625058017588","2021616625058017588","x.com/bookmarks","",""
"2026-02-11T19:37:12.000Z","2026","2026-02","Matthew Berman","MatthewBerman","https://x.com/MatthewBerman/status/2021669868366598632","2021669868366598632","x.com/bookmarks","",""
"2026-02-12T11:43:32.000Z","2026","2026-02","Financial Times","FT","https://x.com/FT/status/2021913057065160828","2021913057065160828","x.com/bookmarks","",""
"2026-02-12T14:17:18.000Z","2026","2026-02","Aziz Sunderji","AzizSunderji","https://x.com/AzizSunderji/status/2021951752640020904","2021951752640020904","x.com/bookmarks","",""
"2026-02-12T15:20:23.000Z","2026","2026-02","ChatCut","chatcutapp","https://x.com/chatcutapp/status/2021967628387139989","2021967628387139989","x.com/bookmarks","",""
"2026-02-12T16:12:34.000Z","2026","2026-02","MiniMax (official)","MiniMax_AI","https://x.com/MiniMax_AI/status/2021980761210134808","2021980761210134808","x.com/bookmarks","",""
"2026-02-13T03:30:12.000Z","2026","2026-02","Alex Finn","AlexFinn","https://x.com/AlexFinn/status/2022151291057713490","2022151291057713490","x.com/bookmarks","",""
"2026-02-14T10:09:51.000Z","2026","2026-02","Meta Alchemist","meta_alchemist","https://x.com/meta_alchemist/status/2022614255426769129","2022614255426769129","x.com/bookmarks","",""